--[param].[tblMenu]
SET IDENTITY_INSERT [param].[tblMenu] ON

INSERT INTO [param].[tblMenu]([MenuId],[Name],[Description],[Icon],[ParentMenuId],[Order],[Active],[Url],[Level]) VALUES(1,'Configuración','','flaticon2-gear',NULL,100,1,'',0);
INSERT INTO [param].[tblMenu]([MenuId],[Name],[Description],[Icon],[ParentMenuId],[Order],[Active],[Url],[Level]) VALUES(2,'Usuarios','','',1,100,1,'',1);
INSERT INTO [param].[tblMenu]([MenuId],[Name],[Description],[Icon],[ParentMenuId],[Order],[Active],[Url],[Level]) VALUES(3,'Listar Usuarios','','',2,100,1,'#!/listUsers',2);
INSERT INTO [param].[tblMenu]([MenuId],[Name],[Description],[Icon],[ParentMenuId],[Order],[Active],[Url],[Level]) VALUES(4,'Permisos Usuarios','','',2,200,1,'#!/permissionsUsers',2);

INSERT INTO [param].[tblMenu]([MenuId],[Name],[Description],[Icon],[ParentMenuId],[Order],[Active],[Url],[Level]) VALUES(5,'Administración','','flaticon2-gear',NULL,200,1,'',0);
INSERT INTO [param].[tblMenu]([MenuId],[Name],[Description],[Icon],[ParentMenuId],[Order],[Active],[Url],[Level]) VALUES(6,'Bodegas','','',5,100,1,'',1);
INSERT INTO [param].[tblMenu]([MenuId],[Name],[Description],[Icon],[ParentMenuId],[Order],[Active],[Url],[Level]) VALUES(7,'Listar Bodegas','','',6,100,1,'#!/listWarehouse',2);
INSERT INTO [param].[tblMenu]([MenuId],[Name],[Description],[Icon],[ParentMenuId],[Order],[Active],[Url],[Level]) VALUES(10,'Series','','',5,100,1,'',1);
INSERT INTO [param].[tblMenu]([MenuId],[Name],[Description],[Icon],[ParentMenuId],[Order],[Active],[Url],[Level]) VALUES(11,'Listar Series','','',10,100,1,'#!/listSeries',2);

INSERT INTO [param].[tblMenu]([MenuId],[Name],[Description],[Icon],[ParentMenuId],[Order],[Active],[Url],[Level]) VALUES(8,'Ventas','','flaticon2-shopping-cart-1',NULL,300,1,'',0);
INSERT INTO [param].[tblMenu]([MenuId],[Name],[Description],[Icon],[ParentMenuId],[Order],[Active],[Url],[Level]) VALUES(9,'Factura Ventas','','',8,100,1,'#!/addSaleInvoice',1);
INSERT INTO [param].[tblMenu]([MenuId],[Name],[Description],[Icon],[ParentMenuId],[Order],[Active],[Url],[Level]) VALUES(12,'Lista de precios','','',8,200,1,'#!/priceList',1);

INSERT INTO [param].[tblMenu]([MenuId],[Name],[Description],[Icon],[ParentMenuId],[Order],[Active],[Url],[Level]) VALUES(13,'Productos','','flaticon2-box',NULL,400,1,'',0);
INSERT INTO [param].[tblMenu]([MenuId],[Name],[Description],[Icon],[ParentMenuId],[Order],[Active],[Url],[Level]) VALUES(14,'Lista productos','','',13,100,1,'#!/listProducts',1);
INSERT INTO [param].[tblMenu]([MenuId],[Name],[Description],[Icon],[ParentMenuId],[Order],[Active],[Url],[Level]) VALUES(15,'Clientes','','',5,100,1,'#!/addCustomerss',1);

INSERT INTO [param].[tblMenu]([MenuId],[Name],[Description],[Icon],[ParentMenuId],[Order],[Active],[Url],[Level]) VALUES(16,'Transacciones','','flaticon2-percentage',NULL,500,1,'',0);
INSERT INTO [param].[tblMenu]([MenuId],[Name],[Description],[Icon],[ParentMenuId],[Order],[Active],[Url],[Level]) VALUES(17,'Cotizaciones','','',16,100,1,'#!/cotizaciones',1);
INSERT INTO [param].[tblMenu]([MenuId],[Name],[Description],[Icon],[ParentMenuId],[Order],[Active],[Url],[Level]) VALUES(18,'Lsita Cotizaciones','','',16,200,1,'#!/listCotizaciones',1);

SET IDENTITY_INSERT [param].[tblMenu] OFF

--[erp].[dbo].[tblUser]
INSERT INTO [dbo].[tblUsers](UserFirstName, UserLastName, UserEmail, Login, Password) VALUES('Wilmar', 'González', 'wilmar.gonzalez.franco@hotmail.com', 'wgonzalez', 'd2dvbnphbGV6');

INSERT INTO tblFiscalResponsabilities (code,[name])
VALUES ('R-99-PN','No Aplica - Otros*'),
('O-13','Gran contribuyente'),
('O-15','Autorretenedor'),
('O-23','Agente de retención IVA'),
('O-47','Régimen simple de tributación')

INSERT INTO tblCities(citycode,cityname,statecode,statename,countrycode,countryname)
VALUES 
(91263,'El Encanto',91,'Amazonas','Co','Colombia'),
(91405,'La Chorrera',91,'Amazonas','Co','Colombia'),
(91407,'La Pedrera',91,'Amazonas','Co','Colombia'),
(91430,'La Victoria',91,'Amazonas','Co','Colombia'),
(91001,'Leticia',91,'Amazonas','Co','Colombia'),
(91460,'Miriti - Paraná',91,'Amazonas','Co','Colombia'),
(91530,'Puerto Alegría',91,'Amazonas','Co','Colombia'),
(91536,'Puerto Arica',91,'Amazonas','Co','Colombia'),
(91540,'Puerto Nariño',91,'Amazonas','Co','Colombia'),
(91669,'Puerto Santander',91,'Amazonas','Co','Colombia'),
(91798,'Tarapacá',91,'Amazonas','Co','Colombia'),
(5002,'Abejorral',5,'Antioquia','Co','Colombia'),
(5004,'Abriaquí',5,'Antioquia','Co','Colombia'),
(5021,'Alejandría',5,'Antioquia','Co','Colombia'),
(5030,'Amagá',5,'Antioquia','Co','Colombia'),
(5031,'Amalfi',5,'Antioquia','Co','Colombia'),
(5034,'Andes',5,'Antioquia','Co','Colombia'),
(5036,'Angelópolis',5,'Antioquia','Co','Colombia'),
(5038,'Angostura',5,'Antioquia','Co','Colombia'),
(5040,'Anorí',5,'Antioquia','Co','Colombia'),
(5044,'Anza',5,'Antioquia','Co','Colombia'),
(5045,'Apartadó',5,'Antioquia','Co','Colombia'),
(5051,'Arboletes',5,'Antioquia','Co','Colombia'),
(5055,'Argelia',5,'Antioquia','Co','Colombia'),
(5059,'Armenia',5,'Antioquia','Co','Colombia'),
(5079,'Barbosa',5,'Antioquia','Co','Colombia'),
(5088,'Bello',5,'Antioquia','Co','Colombia'),
(5086,'Belmira',5,'Antioquia','Co','Colombia'),
(5091,'Betania',5,'Antioquia','Co','Colombia'),
(5093,'Betulia',5,'Antioquia','Co','Colombia'),
(5107,'Briceño',5,'Antioquia','Co','Colombia'),
(5113,'Buriticá',5,'Antioquia','Co','Colombia'),
(5120,'Cáceres',5,'Antioquia','Co','Colombia'),
(5125,'Caicedo',5,'Antioquia','Co','Colombia'),
(5129,'Caldas',5,'Antioquia','Co','Colombia'),
(5134,'Campamento',5,'Antioquia','Co','Colombia'),
(5138,'Cañasgordas',5,'Antioquia','Co','Colombia'),
(5142,'Caracolí',5,'Antioquia','Co','Colombia'),
(5145,'Caramanta',5,'Antioquia','Co','Colombia'),
(5147,'Carepa',5,'Antioquia','Co','Colombia'),
(5150,'Carolina',5,'Antioquia','Co','Colombia'),
(5154,'Caucasia',5,'Antioquia','Co','Colombia'),
(5172,'Chigorodó',5,'Antioquia','Co','Colombia'),
(5190,'Cisneros',5,'Antioquia','Co','Colombia'),
(5101,'Ciudad Bolívar',5,'Antioquia','Co','Colombia'),
(5197,'Cocorná',5,'Antioquia','Co','Colombia'),
(5206,'Concepción',5,'Antioquia','Co','Colombia'),
(5209,'Concordia',5,'Antioquia','Co','Colombia'),
(5212,'Copacabana',5,'Antioquia','Co','Colombia'),
(5234,'Dabeiba',5,'Antioquia','Co','Colombia'),
(5237,'Don Matías',5,'Antioquia','Co','Colombia'),
(5240,'Ebéjico',5,'Antioquia','Co','Colombia'),
(5250,'El Bagre',5,'Antioquia','Co','Colombia'),
(5148,'El Carmen De Viboral',5,'Antioquia','Co','Colombia'),
(5697,'El Santuario',5,'Antioquia','Co','Colombia'),
(5264,'Entrerrios',5,'Antioquia','Co','Colombia'),
(5266,'Envigado',5,'Antioquia','Co','Colombia'),
(5282,'Fredonia',5,'Antioquia','Co','Colombia'),
(5284,'Frontino',5,'Antioquia','Co','Colombia'),
(5306,'Giraldo',5,'Antioquia','Co','Colombia'),
(5308,'Girardota',5,'Antioquia','Co','Colombia'),
(5310,'Gómez Plata',5,'Antioquia','Co','Colombia'),
(5313,'Granada',5,'Antioquia','Co','Colombia'),
(5315,'Guadalupe',5,'Antioquia','Co','Colombia'),
(5318,'Guarne',5,'Antioquia','Co','Colombia'),
(5321,'Guatape',5,'Antioquia','Co','Colombia'),
(5347,'Heliconia',5,'Antioquia','Co','Colombia'),
(5353,'Hispania',5,'Antioquia','Co','Colombia'),
(5360,'Itagui',5,'Antioquia','Co','Colombia'),
(5361,'Ituango',5,'Antioquia','Co','Colombia'),
(5364,'Jardín',5,'Antioquia','Co','Colombia'),
(5368,'Jericó',5,'Antioquia','Co','Colombia'),
(5376,'La Ceja',5,'Antioquia','Co','Colombia'),
(5380,'La Estrella',5,'Antioquia','Co','Colombia'),
(5390,'La Pintada',5,'Antioquia','Co','Colombia'),
(5400,'La Unión',5,'Antioquia','Co','Colombia'),
(5411,'Liborina',5,'Antioquia','Co','Colombia'),
(5425,'Maceo',5,'Antioquia','Co','Colombia'),
(5440,'Marinilla',5,'Antioquia','Co','Colombia'),
(5001,'Medellín',5,'Antioquia','Co','Colombia'),
(5467,'Montebello',5,'Antioquia','Co','Colombia'),
(5475,'Murindó',5,'Antioquia','Co','Colombia'),
(5480,'Mutatá',5,'Antioquia','Co','Colombia'),
(5483,'Nariño',5,'Antioquia','Co','Colombia'),
(5495,'Nechí',5,'Antioquia','Co','Colombia'),
(5490,'Necoclí',5,'Antioquia','Co','Colombia'),
(5501,'Olaya',5,'Antioquia','Co','Colombia'),
(5541,'Peñol',5,'Antioquia','Co','Colombia'),
(5543,'Peque',5,'Antioquia','Co','Colombia'),
(5576,'Pueblorrico',5,'Antioquia','Co','Colombia'),
(5579,'Puerto Berrío',5,'Antioquia','Co','Colombia'),
(5585,'Puerto Nare',5,'Antioquia','Co','Colombia'),
(5591,'Puerto Triunfo',5,'Antioquia','Co','Colombia'),
(5604,'Remedios',5,'Antioquia','Co','Colombia'),
(5607,'Retiro',5,'Antioquia','Co','Colombia'),
(5615,'Rionegro',5,'Antioquia','Co','Colombia'),
(5628,'Sabanalarga',5,'Antioquia','Co','Colombia'),
(5631,'Sabaneta',5,'Antioquia','Co','Colombia'),
(5642,'Salgar',5,'Antioquia','Co','Colombia'),
(5647,'San Andrés',5,'Antioquia','Co','Colombia'),
(5649,'San Carlos',5,'Antioquia','Co','Colombia'),
(5652,'San Francisco',5,'Antioquia','Co','Colombia'),
(5656,'San Jerónimo',5,'Antioquia','Co','Colombia'),
(5658,'San José De La Montaña',5,'Antioquia','Co','Colombia'),
(5659,'San Juan De Urabá',5,'Antioquia','Co','Colombia'),
(5660,'San Luis',5,'Antioquia','Co','Colombia'),
(5664,'San Pedro',5,'Antioquia','Co','Colombia'),
(5665,'San Pedro De Uraba',5,'Antioquia','Co','Colombia'),
(5667,'San Rafael',5,'Antioquia','Co','Colombia'),
(5670,'San Roque',5,'Antioquia','Co','Colombia'),
(5674,'San Vicente',5,'Antioquia','Co','Colombia'),
(5679,'Santa Bárbara',5,'Antioquia','Co','Colombia'),
(5686,'Santa Rosa De Osos',5,'Antioquia','Co','Colombia'),
(5042,'Santafé De Antioquia',5,'Antioquia','Co','Colombia'),
(5690,'Santo Domingo',5,'Antioquia','Co','Colombia'),
(5736,'Segovia',5,'Antioquia','Co','Colombia'),
(5756,'Sonson',5,'Antioquia','Co','Colombia'),
(5761,'Sopetrán',5,'Antioquia','Co','Colombia'),
(5789,'Támesis',5,'Antioquia','Co','Colombia'),
(5790,'Tarazá',5,'Antioquia','Co','Colombia'),
(5792,'Tarso',5,'Antioquia','Co','Colombia'),
(5809,'Titiribí',5,'Antioquia','Co','Colombia'),
(5819,'Toledo',5,'Antioquia','Co','Colombia'),
(5837,'Turbo',5,'Antioquia','Co','Colombia'),
(5842,'Uramita',5,'Antioquia','Co','Colombia'),
(5847,'Urrao',5,'Antioquia','Co','Colombia'),
(5854,'Valdivia',5,'Antioquia','Co','Colombia'),
(5856,'Valparaíso',5,'Antioquia','Co','Colombia'),
(5858,'Vegachí',5,'Antioquia','Co','Colombia'),
(5861,'Venecia',5,'Antioquia','Co','Colombia'),
(5873,'Vigía Del Fuerte',5,'Antioquia','Co','Colombia'),
(5885,'Yalí',5,'Antioquia','Co','Colombia'),
(5887,'Yarumal',5,'Antioquia','Co','Colombia'),
(5890,'Yolombó',5,'Antioquia','Co','Colombia'),
(5893,'Yondó',5,'Antioquia','Co','Colombia'),
(5895,'Zaragoza',5,'Antioquia','Co','Colombia'),
(81001,'Arauca',81,'Arauca','Co','Colombia'),
(81065,'Arauquita',81,'Arauca','Co','Colombia'),
(81220,'Cravo Norte',81,'Arauca','Co','Colombia'),
(81300,'Fortul',81,'Arauca','Co','Colombia'),
(81591,'Puerto Rondón',81,'Arauca','Co','Colombia'),
(81736,'Saravena',81,'Arauca','Co','Colombia'),
(81794,'Tame',81,'Arauca','Co','Colombia'),
(88564,'Providencia',88,'Archipiélago de San Andrés, Providencia y Santa Ca','Co','Colombia'),
(88001,'San Andrés',88,'Archipiélago de San Andrés, Providencia y Santa Ca','Co','Colombia'),
(8078,'Baranoa',8,'Atlántico','Co','Colombia'),
(8001,'Barranquilla',8,'Atlántico','Co','Colombia'),
(8137,'Campo De La Cruz',8,'Atlántico','Co','Colombia'),
(8141,'Candelaria',8,'Atlántico','Co','Colombia'),
(8296,'Galapa',8,'Atlántico','Co','Colombia'),
(8372,'Juan De Acosta',8,'Atlántico','Co','Colombia'),
(8421,'Luruaco',8,'Atlántico','Co','Colombia'),
(8433,'Malambo',8,'Atlántico','Co','Colombia'),
(8436,'Manatí',8,'Atlántico','Co','Colombia'),
(8520,'Palmar De Varela',8,'Atlántico','Co','Colombia'),
(8549,'Piojó',8,'Atlántico','Co','Colombia'),
(8558,'Polonuevo',8,'Atlántico','Co','Colombia'),
(8560,'Ponedera',8,'Atlántico','Co','Colombia'),
(8573,'Puerto Colombia',8,'Atlántico','Co','Colombia'),
(8606,'Repelón',8,'Atlántico','Co','Colombia'),
(8634,'Sabanagrande',8,'Atlántico','Co','Colombia'),
(8638,'Sabanalarga',8,'Atlántico','Co','Colombia'),
(8675,'Santa Lucía',8,'Atlántico','Co','Colombia'),
(8685,'Santo Tomás',8,'Atlántico','Co','Colombia'),
(8758,'Soledad',8,'Atlántico','Co','Colombia'),
(8770,'Suan',8,'Atlántico','Co','Colombia'),
(8832,'Tubará',8,'Atlántico','Co','Colombia'),
(8849,'Usiacurí',8,'Atlántico','Co','Colombia'),
(11001,'Bogotá',11,'Bogotá D.C','Co','Colombia'),
(13006,'Achí',13,'Bolívar','Co','Colombia'),
(13030,'Altos Del Rosario',13,'Bolívar','Co','Colombia'),
(13042,'Arenal',13,'Bolívar','Co','Colombia'),
(13052,'Arjona',13,'Bolívar','Co','Colombia'),
(13062,'Arroyohondo',13,'Bolívar','Co','Colombia'),
(13074,'Barranco De Loba',13,'Bolívar','Co','Colombia'),
(13140,'Calamar',13,'Bolívar','Co','Colombia'),
(13160,'Cantagallo',13,'Bolívar','Co','Colombia'),
(13001,'Cartagena',13,'Bolívar','Co','Colombia'),
(13188,'Cicuco',13,'Bolívar','Co','Colombia'),
(13222,'Clemencia',13,'Bolívar','Co','Colombia'),
(13212,'Córdoba',13,'Bolívar','Co','Colombia'),
(13244,'El Carmen De Bolívar',13,'Bolívar','Co','Colombia'),
(13248,'El Guamo',13,'Bolívar','Co','Colombia'),
(13268,'El Peñón',13,'Bolívar','Co','Colombia'),
(13300,'Hatillo De Loba',13,'Bolívar','Co','Colombia'),
(13430,'Magangué',13,'Bolívar','Co','Colombia'),
(13433,'Mahates',13,'Bolívar','Co','Colombia'),
(13440,'Margarita',13,'Bolívar','Co','Colombia'),
(13442,'María La Baja',13,'Bolívar','Co','Colombia'),
(13468,'Mompós',13,'Bolívar','Co','Colombia'),
(13458,'Montecristo',13,'Bolívar','Co','Colombia'),
(13473,'Morales',13,'Bolívar','Co','Colombia'),
(13549,'Pinillos',13,'Bolívar','Co','Colombia'),
(13580,'Regidor',13,'Bolívar','Co','Colombia'),
(13600,'Río Viejo',13,'Bolívar','Co','Colombia'),
(13620,'San Cristóbal',13,'Bolívar','Co','Colombia'),
(13647,'San Estanislao',13,'Bolívar','Co','Colombia'),
(13650,'San Fernando',13,'Bolívar','Co','Colombia'),
(13654,'San Jacinto',13,'Bolívar','Co','Colombia'),
(13655,'San Jacinto Del Cauca',13,'Bolívar','Co','Colombia'),
(13657,'San Juan Nepomuceno',13,'Bolívar','Co','Colombia'),
(13667,'San Martín De Loba',13,'Bolívar','Co','Colombia'),
(13670,'San Pablo',13,'Bolívar','Co','Colombia'),
(13673,'Santa Catalina',13,'Bolívar','Co','Colombia'),
(13683,'Santa Rosa',13,'Bolívar','Co','Colombia'),
(13688,'Santa Rosa Del Sur',13,'Bolívar','Co','Colombia'),
(13744,'Simití',13,'Bolívar','Co','Colombia'),
(13760,'Soplaviento',13,'Bolívar','Co','Colombia'),
(13780,'Talaigua Nuevo',13,'Bolívar','Co','Colombia'),
(13810,'Tiquisio',13,'Bolívar','Co','Colombia'),
(13836,'Turbaco',13,'Bolívar','Co','Colombia'),
(13838,'Turbaná',13,'Bolívar','Co','Colombia'),
(13873,'Villanueva',13,'Bolívar','Co','Colombia'),
(13894,'Zambrano',13,'Bolívar','Co','Colombia'),
(15022,'Almeida',15,'Boyacá','Co','Colombia'),
(15047,'Aquitania',15,'Boyacá','Co','Colombia'),
(15051,'Arcabuco',15,'Boyacá','Co','Colombia'),
(15087,'Belén',15,'Boyacá','Co','Colombia'),
(15090,'Berbeo',15,'Boyacá','Co','Colombia'),
(15092,'Betéitiva',15,'Boyacá','Co','Colombia'),
(15097,'Boavita',15,'Boyacá','Co','Colombia'),
(15104,'Boyacá',15,'Boyacá','Co','Colombia'),
(15106,'Briceño',15,'Boyacá','Co','Colombia'),
(15109,'Buenavista',15,'Boyacá','Co','Colombia'),
(15114,'Busbanzá',15,'Boyacá','Co','Colombia'),
(15131,'Caldas',15,'Boyacá','Co','Colombia'),
(15135,'Campohermoso',15,'Boyacá','Co','Colombia'),
(15162,'Cerinza',15,'Boyacá','Co','Colombia'),
(15172,'Chinavita',15,'Boyacá','Co','Colombia'),
(15176,'Chiquinquirá',15,'Boyacá','Co','Colombia'),
(15232,'Chíquiza',15,'Boyacá','Co','Colombia'),
(15180,'Chiscas',15,'Boyacá','Co','Colombia'),
(15183,'Chita',15,'Boyacá','Co','Colombia'),
(15185,'Chitaraque',15,'Boyacá','Co','Colombia'),
(15187,'Chivatá',15,'Boyacá','Co','Colombia'),
(15236,'Chivor',15,'Boyacá','Co','Colombia'),
(15189,'Ciénega',15,'Boyacá','Co','Colombia'),
(15204,'Cómbita',15,'Boyacá','Co','Colombia'),
(15212,'Coper',15,'Boyacá','Co','Colombia'),
(15215,'Corrales',15,'Boyacá','Co','Colombia'),
(15218,'Covarachía',15,'Boyacá','Co','Colombia'),
(15223,'Cubará',15,'Boyacá','Co','Colombia'),
(15224,'Cucaita',15,'Boyacá','Co','Colombia'),
(15226,'Cuítiva',15,'Boyacá','Co','Colombia'),
(15238,'Duitama',15,'Boyacá','Co','Colombia'),
(15244,'El Cocuy',15,'Boyacá','Co','Colombia'),
(15248,'El Espino',15,'Boyacá','Co','Colombia'),
(15272,'Firavitoba',15,'Boyacá','Co','Colombia'),
(15276,'Floresta',15,'Boyacá','Co','Colombia'),
(15293,'Gachantivá',15,'Boyacá','Co','Colombia'),
(15296,'Gameza',15,'Boyacá','Co','Colombia'),
(15299,'Garagoa',15,'Boyacá','Co','Colombia'),
(15317,'Guacamayas',15,'Boyacá','Co','Colombia'),
(15322,'Guateque',15,'Boyacá','Co','Colombia'),
(15325,'Guayatá',15,'Boyacá','Co','Colombia'),
(15332,'Güicán',15,'Boyacá','Co','Colombia'),
(15362,'Iza',15,'Boyacá','Co','Colombia'),
(15367,'Jenesano',15,'Boyacá','Co','Colombia'),
(15368,'Jericó',15,'Boyacá','Co','Colombia'),
(15380,'La Capilla',15,'Boyacá','Co','Colombia'),
(15403,'La Uvita',15,'Boyacá','Co','Colombia'),
(15401,'La Victoria',15,'Boyacá','Co','Colombia'),
(15377,'Labranzagrande',15,'Boyacá','Co','Colombia'),
(15425,'Macanal',15,'Boyacá','Co','Colombia'),
(15442,'Maripí',15,'Boyacá','Co','Colombia'),
(15455,'Miraflores',15,'Boyacá','Co','Colombia'),
(15464,'Mongua',15,'Boyacá','Co','Colombia'),
(15466,'Monguí',15,'Boyacá','Co','Colombia'),
(15469,'Moniquirá',15,'Boyacá','Co','Colombia'),
(15476,'Motavita',15,'Boyacá','Co','Colombia'),
(15480,'Muzo',15,'Boyacá','Co','Colombia'),
(15491,'Nobsa',15,'Boyacá','Co','Colombia'),
(15494,'Nuevo Colón',15,'Boyacá','Co','Colombia'),
(15500,'Oicatá',15,'Boyacá','Co','Colombia'),
(15507,'Otanche',15,'Boyacá','Co','Colombia'),
(15511,'Pachavita',15,'Boyacá','Co','Colombia'),
(15514,'Páez',15,'Boyacá','Co','Colombia'),
(15516,'Paipa',15,'Boyacá','Co','Colombia'),
(15518,'Pajarito',15,'Boyacá','Co','Colombia'),
(15522,'Panqueba',15,'Boyacá','Co','Colombia'),
(15531,'Pauna',15,'Boyacá','Co','Colombia'),
(15533,'Paya',15,'Boyacá','Co','Colombia'),
(15537,'Paz De Río',15,'Boyacá','Co','Colombia'),
(15542,'Pesca',15,'Boyacá','Co','Colombia'),
(15550,'Pisba',15,'Boyacá','Co','Colombia'),
(15572,'Puerto Boyacá',15,'Boyacá','Co','Colombia'),
(15580,'Quípama',15,'Boyacá','Co','Colombia'),
(15599,'Ramiriquí',15,'Boyacá','Co','Colombia'),
(15600,'Ráquira',15,'Boyacá','Co','Colombia'),
(15621,'Rondón',15,'Boyacá','Co','Colombia'),
(15632,'Saboyá',15,'Boyacá','Co','Colombia'),
(15638,'Sáchica',15,'Boyacá','Co','Colombia'),
(15646,'Samacá',15,'Boyacá','Co','Colombia'),
(15660,'San Eduardo',15,'Boyacá','Co','Colombia'),
(15664,'San José De Pare',15,'Boyacá','Co','Colombia'),
(15667,'San Luis De Gaceno',15,'Boyacá','Co','Colombia'),
(15673,'San Mateo',15,'Boyacá','Co','Colombia'),
(15676,'San Miguel De Sema',15,'Boyacá','Co','Colombia'),
(15681,'San Pablo De Borbur',15,'Boyacá','Co','Colombia'),
(15690,'Santa María',15,'Boyacá','Co','Colombia'),
(15693,'Santa Rosa De Viterbo',15,'Boyacá','Co','Colombia'),
(15696,'Santa Sofía',15,'Boyacá','Co','Colombia'),
(15686,'Santana',15,'Boyacá','Co','Colombia'),
(15720,'Sativanorte',15,'Boyacá','Co','Colombia'),
(15723,'Sativasur',15,'Boyacá','Co','Colombia'),
(15740,'Siachoque',15,'Boyacá','Co','Colombia'),
(15753,'Soatá',15,'Boyacá','Co','Colombia'),
(15757,'Socha',15,'Boyacá','Co','Colombia'),
(15755,'Socotá',15,'Boyacá','Co','Colombia'),
(15759,'Sogamoso',15,'Boyacá','Co','Colombia'),
(15761,'Somondoco',15,'Boyacá','Co','Colombia'),
(15762,'Sora',15,'Boyacá','Co','Colombia'),
(15764,'Soracá',15,'Boyacá','Co','Colombia'),
(15763,'Sotaquirá',15,'Boyacá','Co','Colombia'),
(15774,'Susacón',15,'Boyacá','Co','Colombia'),
(15776,'Sutamarchán',15,'Boyacá','Co','Colombia'),
(15778,'Sutatenza',15,'Boyacá','Co','Colombia'),
(15790,'Tasco',15,'Boyacá','Co','Colombia'),
(15798,'Tenza',15,'Boyacá','Co','Colombia'),
(15804,'Tibaná',15,'Boyacá','Co','Colombia'),
(15806,'Tibasosa',15,'Boyacá','Co','Colombia'),
(15808,'Tinjacá',15,'Boyacá','Co','Colombia'),
(15810,'Tipacoque',15,'Boyacá','Co','Colombia'),
(15814,'Toca',15,'Boyacá','Co','Colombia'),
(15816,'Togüí',15,'Boyacá','Co','Colombia'),
(15820,'Tópaga',15,'Boyacá','Co','Colombia'),
(15822,'Tota',15,'Boyacá','Co','Colombia'),
(15001,'Tunja',15,'Boyacá','Co','Colombia'),
(15832,'Tununguá',15,'Boyacá','Co','Colombia'),
(15835,'Turmequé',15,'Boyacá','Co','Colombia'),
(15837,'Tuta',15,'Boyacá','Co','Colombia'),
(15839,'Tutazá',15,'Boyacá','Co','Colombia'),
(15842,'Umbita',15,'Boyacá','Co','Colombia'),
(15861,'Ventaquemada',15,'Boyacá','Co','Colombia'),
(15407,'Villa De Leyva',15,'Boyacá','Co','Colombia'),
(15879,'Viracachá',15,'Boyacá','Co','Colombia'),
(15897,'Zetaquira',15,'Boyacá','Co','Colombia'),
(17013,'Aguadas',17,'Caldas','Co','Colombia'),
(17042,'Anserma',17,'Caldas','Co','Colombia'),
(17050,'Aranzazu',17,'Caldas','Co','Colombia'),
(17088,'Belalcázar',17,'Caldas','Co','Colombia'),
(17174,'Chinchiná',17,'Caldas','Co','Colombia'),
(17272,'Filadelfia',17,'Caldas','Co','Colombia'),
(17380,'La Dorada',17,'Caldas','Co','Colombia'),
(17388,'La Merced',17,'Caldas','Co','Colombia'),
(17001,'Manizales',17,'Caldas','Co','Colombia'),
(17433,'Manzanares',17,'Caldas','Co','Colombia'),
(17442,'Marmato',17,'Caldas','Co','Colombia'),
(17444,'Marquetalia',17,'Caldas','Co','Colombia'),
(17446,'Marulanda',17,'Caldas','Co','Colombia'),
(17486,'Neira',17,'Caldas','Co','Colombia'),
(17495,'Norcasia',17,'Caldas','Co','Colombia'),
(17513,'Pácora',17,'Caldas','Co','Colombia'),
(17524,'Palestina',17,'Caldas','Co','Colombia'),
(17541,'Pensilvania',17,'Caldas','Co','Colombia'),
(17614,'Riosucio',17,'Caldas','Co','Colombia'),
(17616,'Risaralda',17,'Caldas','Co','Colombia'),
(17653,'Salamina',17,'Caldas','Co','Colombia'),
(17662,'Samaná',17,'Caldas','Co','Colombia'),
(17665,'San José',17,'Caldas','Co','Colombia'),
(17777,'Supía',17,'Caldas','Co','Colombia'),
(17867,'Victoria',17,'Caldas','Co','Colombia'),
(17873,'Villamaría',17,'Caldas','Co','Colombia'),
(17877,'Viterbo',17,'Caldas','Co','Colombia'),
(18029,'Albania',18,'Caquetá','Co','Colombia'),
(18094,'Belén De Los Andaquies',18,'Caquetá','Co','Colombia'),
(18150,'Cartagena Del Chairá',18,'Caquetá','Co','Colombia'),
(18205,'Curillo',18,'Caquetá','Co','Colombia'),
(18247,'El Doncello',18,'Caquetá','Co','Colombia'),
(18256,'El Paujil',18,'Caquetá','Co','Colombia'),
(18001,'Florencia',18,'Caquetá','Co','Colombia'),
(18410,'La Montañita',18,'Caquetá','Co','Colombia'),
(18460,'Milán',18,'Caquetá','Co','Colombia'),
(18479,'Morelia',18,'Caquetá','Co','Colombia'),
(18592,'Puerto Rico',18,'Caquetá','Co','Colombia'),
(18610,'San José Del Fragua',18,'Caquetá','Co','Colombia'),
(18753,'San Vicente Del Caguán',18,'Caquetá','Co','Colombia'),
(18756,'Solano',18,'Caquetá','Co','Colombia'),
(18785,'Solita',18,'Caquetá','Co','Colombia'),
(18860,'Valparaíso',18,'Caquetá','Co','Colombia'),
(85010,'Aguazul',85,'Casanare','Co','Colombia'),
(85015,'Chameza',85,'Casanare','Co','Colombia'),
(85125,'Hato Corozal',85,'Casanare','Co','Colombia'),
(85136,'La Salina',85,'Casanare','Co','Colombia'),
(85139,'Maní',85,'Casanare','Co','Colombia'),
(85162,'Monterrey',85,'Casanare','Co','Colombia'),
(85225,'Nunchía',85,'Casanare','Co','Colombia'),
(85230,'Orocué',85,'Casanare','Co','Colombia'),
(85250,'Paz De Ariporo',85,'Casanare','Co','Colombia'),
(85263,'Pore',85,'Casanare','Co','Colombia'),
(85279,'Recetor',85,'Casanare','Co','Colombia'),
(85300,'Sabanalarga',85,'Casanare','Co','Colombia'),
(85315,'Sácama',85,'Casanare','Co','Colombia'),
(85325,'San Luis De Palenque',85,'Casanare','Co','Colombia'),
(85400,'Támara',85,'Casanare','Co','Colombia'),
(85410,'Tauramena',85,'Casanare','Co','Colombia'),
(85430,'Trinidad',85,'Casanare','Co','Colombia'),
(85440,'Villanueva',85,'Casanare','Co','Colombia'),
(85001,'Yopal',85,'Casanare','Co','Colombia'),
(19022,'Almaguer',19,'Cauca','Co','Colombia'),
(19050,'Argelia',19,'Cauca','Co','Colombia'),
(19075,'Balboa',19,'Cauca','Co','Colombia'),
(19100,'Bolívar',19,'Cauca','Co','Colombia'),
(19110,'Buenos Aires',19,'Cauca','Co','Colombia'),
(19130,'Cajibío',19,'Cauca','Co','Colombia'),
(19137,'Caldono',19,'Cauca','Co','Colombia'),
(19142,'Caloto',19,'Cauca','Co','Colombia'),
(19212,'Corinto',19,'Cauca','Co','Colombia'),
(19256,'El Tambo',19,'Cauca','Co','Colombia'),
(19290,'Florencia',19,'Cauca','Co','Colombia'),
(19318,'Guapi',19,'Cauca','Co','Colombia'),
(19355,'Inzá',19,'Cauca','Co','Colombia'),
(19364,'Jambaló',19,'Cauca','Co','Colombia'),
(19392,'La Sierra',19,'Cauca','Co','Colombia'),
(19397,'La Vega',19,'Cauca','Co','Colombia'),
(19418,'López',19,'Cauca','Co','Colombia'),
(19450,'Mercaderes',19,'Cauca','Co','Colombia'),
(19455,'Miranda',19,'Cauca','Co','Colombia'),
(19473,'Morales',19,'Cauca','Co','Colombia'),
(19513,'Padilla',19,'Cauca','Co','Colombia'),
(19517,'Paez',19,'Cauca','Co','Colombia'),
(19532,'Patía',19,'Cauca','Co','Colombia'),
(19533,'Piamonte',19,'Cauca','Co','Colombia'),
(19548,'Piendamó',19,'Cauca','Co','Colombia'),
(19001,'Popayán',19,'Cauca','Co','Colombia'),
(19573,'Puerto Tejada',19,'Cauca','Co','Colombia'),
(19585,'Puracé',19,'Cauca','Co','Colombia'),
(19622,'Rosas',19,'Cauca','Co','Colombia'),
(19693,'San Sebastián',19,'Cauca','Co','Colombia'),
(19701,'Santa Rosa',19,'Cauca','Co','Colombia'),
(19698,'Santander De Quilichao',19,'Cauca','Co','Colombia'),
(19743,'Silvia',19,'Cauca','Co','Colombia'),
(19760,'Sotara',19,'Cauca','Co','Colombia'),
(19780,'Suárez',19,'Cauca','Co','Colombia'),
(19785,'Sucre',19,'Cauca','Co','Colombia'),
(19807,'Timbío',19,'Cauca','Co','Colombia'),
(19809,'Timbiquí',19,'Cauca','Co','Colombia'),
(19821,'Toribio',19,'Cauca','Co','Colombia'),
(19824,'Totoró',19,'Cauca','Co','Colombia'),
(19845,'Villa Rica',19,'Cauca','Co','Colombia'),
(20011,'Aguachica',20,'Cesar','Co','Colombia'),
(20013,'Agustín Codazzi',20,'Cesar','Co','Colombia'),
(20032,'Astrea',20,'Cesar','Co','Colombia'),
(20045,'Becerril',20,'Cesar','Co','Colombia'),
(20060,'Bosconia',20,'Cesar','Co','Colombia'),
(20175,'Chimichagua',20,'Cesar','Co','Colombia'),
(20178,'Chiriguaná',20,'Cesar','Co','Colombia'),
(20228,'Curumaní',20,'Cesar','Co','Colombia'),
(20238,'El Copey',20,'Cesar','Co','Colombia'),
(20250,'El Paso',20,'Cesar','Co','Colombia'),
(20295,'Gamarra',20,'Cesar','Co','Colombia'),
(20310,'González',20,'Cesar','Co','Colombia'),
(20383,'La Gloria',20,'Cesar','Co','Colombia'),
(20400,'La Jagua De Ibirico',20,'Cesar','Co','Colombia'),
(20621,'La Paz',20,'Cesar','Co','Colombia'),
(20443,'Manaure',20,'Cesar','Co','Colombia'),
(20517,'Pailitas',20,'Cesar','Co','Colombia'),
(20550,'Pelaya',20,'Cesar','Co','Colombia'),
(20570,'Pueblo Bello',20,'Cesar','Co','Colombia'),
(20614,'Río De Oro',20,'Cesar','Co','Colombia'),
(20710,'San Alberto',20,'Cesar','Co','Colombia'),
(20750,'San Diego',20,'Cesar','Co','Colombia'),
(20770,'San Martín',20,'Cesar','Co','Colombia'),
(20787,'Tamalameque',20,'Cesar','Co','Colombia'),
(20001,'Valledupar',20,'Cesar','Co','Colombia'),
(27006,'Acandí',27,'Chocó','Co','Colombia'),
(27025,'Alto Baudo',27,'Chocó','Co','Colombia'),
(27050,'Atrato',27,'Chocó','Co','Colombia'),
(27073,'Bagadó',27,'Chocó','Co','Colombia'),
(27075,'Bahía Solano',27,'Chocó','Co','Colombia'),
(27077,'Bajo Baudó',27,'Chocó','Co','Colombia'),
(27086,'Belén De Bajirá',27,'Chocó','Co','Colombia'),
(27099,'Bojaya',27,'Chocó','Co','Colombia'),
(27150,'Carmen Del Darien',27,'Chocó','Co','Colombia'),
(27160,'Cértegui',27,'Chocó','Co','Colombia'),
(27205,'Condoto',27,'Chocó','Co','Colombia'),
(27135,'El Cantón Del San Pablo',27,'Chocó','Co','Colombia'),
(27245,'El Carmen De Atrato',27,'Chocó','Co','Colombia'),
(27250,'El Litoral Del San Juan',27,'Chocó','Co','Colombia'),
(27361,'Istmina',27,'Chocó','Co','Colombia'),
(27372,'Juradó',27,'Chocó','Co','Colombia'),
(27413,'Lloró',27,'Chocó','Co','Colombia'),
(27425,'Medio Atrato',27,'Chocó','Co','Colombia'),
(27430,'Medio Baudó',27,'Chocó','Co','Colombia'),
(27450,'Medio San Juan',27,'Chocó','Co','Colombia'),
(27491,'Nóvita',27,'Chocó','Co','Colombia'),
(27495,'Nuquí',27,'Chocó','Co','Colombia'),
(27001,'Quibdó',27,'Chocó','Co','Colombia'),
(27580,'Río Iro',27,'Chocó','Co','Colombia'),
(27600,'Río Quito',27,'Chocó','Co','Colombia'),
(27615,'Riosucio',27,'Chocó','Co','Colombia'),
(27660,'San José Del Palmar',27,'Chocó','Co','Colombia'),
(27745,'Sipí',27,'Chocó','Co','Colombia'),
(27787,'Tadó',27,'Chocó','Co','Colombia'),
(27800,'Unguía',27,'Chocó','Co','Colombia'),
(27810,'Unión Panamericana',27,'Chocó','Co','Colombia'),
(23068,'Ayapel',23,'Córdoba','Co','Colombia'),
(23079,'Buenavista',23,'Córdoba','Co','Colombia'),
(23090,'Canalete',23,'Córdoba','Co','Colombia'),
(23162,'Cereté',23,'Córdoba','Co','Colombia'),
(23168,'Chimá',23,'Córdoba','Co','Colombia'),
(23182,'Chinú',23,'Córdoba','Co','Colombia'),
(23189,'Ciénaga De Oro',23,'Córdoba','Co','Colombia'),
(23300,'Cotorra',23,'Córdoba','Co','Colombia'),
(23350,'La Apartada',23,'Córdoba','Co','Colombia'),
(23417,'Lorica',23,'Córdoba','Co','Colombia'),
(23419,'Los Córdobas',23,'Córdoba','Co','Colombia'),
(23464,'Momil',23,'Córdoba','Co','Colombia'),
(23466,'Montelíbano',23,'Córdoba','Co','Colombia'),
(23001,'Montería',23,'Córdoba','Co','Colombia'),
(23500,'Moñitos',23,'Córdoba','Co','Colombia'),
(23555,'Planeta Rica',23,'Córdoba','Co','Colombia'),
(23570,'Pueblo Nuevo',23,'Córdoba','Co','Colombia'),
(23574,'Puerto Escondido',23,'Córdoba','Co','Colombia'),
(23580,'Puerto Libertador',23,'Córdoba','Co','Colombia'),
(23586,'Purísima',23,'Córdoba','Co','Colombia'),
(23660,'Sahagún',23,'Córdoba','Co','Colombia'),
(23670,'San Andrés Sotavento',23,'Córdoba','Co','Colombia'),
(23672,'San Antero',23,'Córdoba','Co','Colombia'),
(23675,'San Bernardo Del Viento',23,'Córdoba','Co','Colombia'),
(23678,'San Carlos',23,'Córdoba','Co','Colombia'),
(23686,'San Pelayo',23,'Córdoba','Co','Colombia'),
(23807,'Tierralta',23,'Córdoba','Co','Colombia'),
(23855,'Valencia',23,'Córdoba','Co','Colombia'),
(25001,'Agua De Dios',25,'Cundinamarca','Co','Colombia'),
(25019,'Albán',25,'Cundinamarca','Co','Colombia'),
(25035,'Anapoima',25,'Cundinamarca','Co','Colombia'),
(25040,'Anolaima',25,'Cundinamarca','Co','Colombia'),
(25599,'Apulo',25,'Cundinamarca','Co','Colombia'),
(25053,'Arbeláez',25,'Cundinamarca','Co','Colombia'),
(25086,'Beltrán',25,'Cundinamarca','Co','Colombia'),
(25095,'Bituima',25,'Cundinamarca','Co','Colombia'),
(25099,'Bojacá',25,'Cundinamarca','Co','Colombia'),
(25120,'Cabrera',25,'Cundinamarca','Co','Colombia'),
(25123,'Cachipay',25,'Cundinamarca','Co','Colombia'),
(25126,'Cajicá',25,'Cundinamarca','Co','Colombia'),
(25148,'Caparrapí',25,'Cundinamarca','Co','Colombia'),
(25151,'Caqueza',25,'Cundinamarca','Co','Colombia'),
(25154,'Carmen De Carupa',25,'Cundinamarca','Co','Colombia'),
(25168,'Chaguaní',25,'Cundinamarca','Co','Colombia'),
(25175,'Chía',25,'Cundinamarca','Co','Colombia'),
(25178,'Chipaque',25,'Cundinamarca','Co','Colombia'),
(25181,'Choachí',25,'Cundinamarca','Co','Colombia'),
(25183,'Chocontá',25,'Cundinamarca','Co','Colombia'),
(25200,'Cogua',25,'Cundinamarca','Co','Colombia'),
(25214,'Cota',25,'Cundinamarca','Co','Colombia'),
(25224,'Cucunubá',25,'Cundinamarca','Co','Colombia'),
(25245,'El Colegio',25,'Cundinamarca','Co','Colombia'),
(25258,'El Peñón',25,'Cundinamarca','Co','Colombia'),
(25260,'El Rosal',25,'Cundinamarca','Co','Colombia'),
(25269,'Facatativá',25,'Cundinamarca','Co','Colombia'),
(25279,'Fomeque',25,'Cundinamarca','Co','Colombia'),
(25281,'Fosca',25,'Cundinamarca','Co','Colombia'),
(25286,'Funza',25,'Cundinamarca','Co','Colombia'),
(25288,'Fúquene',25,'Cundinamarca','Co','Colombia'),
(25290,'Fusagasugá',25,'Cundinamarca','Co','Colombia'),
(25293,'Gachala',25,'Cundinamarca','Co','Colombia'),
(25295,'Gachancipá',25,'Cundinamarca','Co','Colombia'),
(25297,'Gachetá',25,'Cundinamarca','Co','Colombia'),
(25299,'Gama',25,'Cundinamarca','Co','Colombia'),
(25307,'Girardot',25,'Cundinamarca','Co','Colombia'),
(25312,'Granada',25,'Cundinamarca','Co','Colombia'),
(25317,'Guachetá',25,'Cundinamarca','Co','Colombia'),
(25320,'Guaduas',25,'Cundinamarca','Co','Colombia'),
(25322,'Guasca',25,'Cundinamarca','Co','Colombia'),
(25324,'Guataquí',25,'Cundinamarca','Co','Colombia'),
(25326,'Guatavita',25,'Cundinamarca','Co','Colombia'),
(25328,'Guayabal De Siquima',25,'Cundinamarca','Co','Colombia'),
(25335,'Guayabetal',25,'Cundinamarca','Co','Colombia'),
(25339,'Gutiérrez',25,'Cundinamarca','Co','Colombia'),
(25368,'Jerusalén',25,'Cundinamarca','Co','Colombia'),
(25372,'Junín',25,'Cundinamarca','Co','Colombia'),
(25377,'La Calera',25,'Cundinamarca','Co','Colombia'),
(25386,'La Mesa',25,'Cundinamarca','Co','Colombia'),
(25394,'La Palma',25,'Cundinamarca','Co','Colombia'),
(25398,'La Peña',25,'Cundinamarca','Co','Colombia'),
(25402,'La Vega',25,'Cundinamarca','Co','Colombia'),
(25407,'Lenguazaque',25,'Cundinamarca','Co','Colombia'),
(25426,'Macheta',25,'Cundinamarca','Co','Colombia'),
(25430,'Madrid',25,'Cundinamarca','Co','Colombia'),
(25436,'Manta',25,'Cundinamarca','Co','Colombia'),
(25438,'Medina',25,'Cundinamarca','Co','Colombia'),
(25473,'Mosquera',25,'Cundinamarca','Co','Colombia'),
(25483,'Nariño',25,'Cundinamarca','Co','Colombia'),
(25486,'Nemocón',25,'Cundinamarca','Co','Colombia'),
(25488,'Nilo',25,'Cundinamarca','Co','Colombia'),
(25489,'Nimaima',25,'Cundinamarca','Co','Colombia'),
(25491,'Nocaima',25,'Cundinamarca','Co','Colombia'),
(25513,'Pacho',25,'Cundinamarca','Co','Colombia'),
(25518,'Paime',25,'Cundinamarca','Co','Colombia'),
(25524,'Pandi',25,'Cundinamarca','Co','Colombia'),
(25530,'Paratebueno',25,'Cundinamarca','Co','Colombia'),
(25535,'Pasca',25,'Cundinamarca','Co','Colombia'),
(25572,'Puerto Salgar',25,'Cundinamarca','Co','Colombia'),
(25580,'Pulí',25,'Cundinamarca','Co','Colombia'),
(25592,'Quebradanegra',25,'Cundinamarca','Co','Colombia'),
(25594,'Quetame',25,'Cundinamarca','Co','Colombia'),
(25596,'Quipile',25,'Cundinamarca','Co','Colombia'),
(25612,'Ricaurte',25,'Cundinamarca','Co','Colombia'),
(25645,'San Antonio Del Tequendama',25,'Cundinamarca','Co','Colombia'),
(25649,'San Bernardo',25,'Cundinamarca','Co','Colombia'),
(25653,'San Cayetano',25,'Cundinamarca','Co','Colombia'),
(25658,'San Francisco',25,'Cundinamarca','Co','Colombia'),
(25662,'San Juan De Río Seco',25,'Cundinamarca','Co','Colombia'),
(25718,'Sasaima',25,'Cundinamarca','Co','Colombia'),
(25736,'Sesquilé',25,'Cundinamarca','Co','Colombia'),
(25740,'Sibaté',25,'Cundinamarca','Co','Colombia'),
(25743,'Silvania',25,'Cundinamarca','Co','Colombia'),
(25745,'Simijaca',25,'Cundinamarca','Co','Colombia'),
(25754,'Soacha',25,'Cundinamarca','Co','Colombia'),
(25758,'Sopó',25,'Cundinamarca','Co','Colombia'),
(25769,'Subachoque',25,'Cundinamarca','Co','Colombia'),
(25772,'Suesca',25,'Cundinamarca','Co','Colombia'),
(25777,'Supatá',25,'Cundinamarca','Co','Colombia'),
(25779,'Susa',25,'Cundinamarca','Co','Colombia'),
(25781,'Sutatausa',25,'Cundinamarca','Co','Colombia'),
(25785,'Tabio',25,'Cundinamarca','Co','Colombia'),
(25793,'Tausa',25,'Cundinamarca','Co','Colombia'),
(25797,'Tena',25,'Cundinamarca','Co','Colombia'),
(25799,'Tenjo',25,'Cundinamarca','Co','Colombia'),
(25805,'Tibacuy',25,'Cundinamarca','Co','Colombia'),
(25807,'Tibirita',25,'Cundinamarca','Co','Colombia'),
(25815,'Tocaima',25,'Cundinamarca','Co','Colombia'),
(25817,'Tocancipá',25,'Cundinamarca','Co','Colombia'),
(25823,'Topaipí',25,'Cundinamarca','Co','Colombia'),
(25839,'Ubalá',25,'Cundinamarca','Co','Colombia'),
(25841,'Ubaque',25,'Cundinamarca','Co','Colombia'),
(25845,'Une',25,'Cundinamarca','Co','Colombia'),
(25851,'Útica',25,'Cundinamarca','Co','Colombia'),
(25506,'Venecia',25,'Cundinamarca','Co','Colombia'),
(25862,'Vergara',25,'Cundinamarca','Co','Colombia'),
(25867,'Vianí',25,'Cundinamarca','Co','Colombia'),
(25843,'Villa De San Diego De Ubate',25,'Cundinamarca','Co','Colombia'),
(25871,'Villagómez',25,'Cundinamarca','Co','Colombia'),
(25873,'Villapinzón',25,'Cundinamarca','Co','Colombia'),
(25875,'Villeta',25,'Cundinamarca','Co','Colombia'),
(25878,'Viotá',25,'Cundinamarca','Co','Colombia'),
(25885,'Yacopí',25,'Cundinamarca','Co','Colombia'),
(25898,'Zipacón',25,'Cundinamarca','Co','Colombia'),
(25899,'Zipaquirá',25,'Cundinamarca','Co','Colombia'),
(94343,'Barranco Minas',94,'Guainía','Co','Colombia'),
(94886,'Cacahual',94,'Guainía','Co','Colombia'),
(94001,'Inírida',94,'Guainía','Co','Colombia'),
(94885,'La Guadalupe',94,'Guainía','Co','Colombia'),
(94663,'Mapiripana',94,'Guainía','Co','Colombia'),
(94888,'Morichal',94,'Guainía','Co','Colombia'),
(94887,'Pana Pana',94,'Guainía','Co','Colombia'),
(94884,'Puerto Colombia',94,'Guainía','Co','Colombia'),
(94883,'San Felipe',94,'Guainía','Co','Colombia'),
(95015,'Calamar',95,'Guaviare','Co','Colombia'),
(95025,'El Retorno',95,'Guaviare','Co','Colombia'),
(95200,'Miraflores',95,'Guaviare','Co','Colombia'),
(95001,'San José Del Guaviare',95,'Guaviare','Co','Colombia'),
(41006,'Acevedo',41,'Huila','Co','Colombia'),
(41013,'Agrado',41,'Huila','Co','Colombia'),
(41016,'Aipe',41,'Huila','Co','Colombia'),
(41020,'Algeciras',41,'Huila','Co','Colombia'),
(41026,'Altamira',41,'Huila','Co','Colombia'),
(41078,'Baraya',41,'Huila','Co','Colombia'),
(41132,'Campoalegre',41,'Huila','Co','Colombia'),
(41206,'Colombia',41,'Huila','Co','Colombia'),
(41244,'Elías',41,'Huila','Co','Colombia'),
(41298,'Garzón',41,'Huila','Co','Colombia'),
(41306,'Gigante',41,'Huila','Co','Colombia'),
(41319,'Guadalupe',41,'Huila','Co','Colombia'),
(41349,'Hobo',41,'Huila','Co','Colombia'),
(41357,'Iquira',41,'Huila','Co','Colombia'),
(41359,'Isnos',41,'Huila','Co','Colombia'),
(41378,'La Argentina',41,'Huila','Co','Colombia'),
(41396,'La Plata',41,'Huila','Co','Colombia'),
(41483,'Nátaga',41,'Huila','Co','Colombia'),
(41001,'Neiva',41,'Huila','Co','Colombia'),
(41503,'Oporapa',41,'Huila','Co','Colombia'),
(41518,'Paicol',41,'Huila','Co','Colombia'),
(41524,'Palermo',41,'Huila','Co','Colombia'),
(41530,'Palestina',41,'Huila','Co','Colombia'),
(41548,'Pital',41,'Huila','Co','Colombia'),
(41551,'Pitalito',41,'Huila','Co','Colombia'),
(41615,'Rivera',41,'Huila','Co','Colombia'),
(41660,'Saladoblanco',41,'Huila','Co','Colombia'),
(41668,'San Agustín',41,'Huila','Co','Colombia'),
(41676,'Santa María',41,'Huila','Co','Colombia'),
(41770,'Suaza',41,'Huila','Co','Colombia'),
(41791,'Tarqui',41,'Huila','Co','Colombia'),
(41799,'Tello',41,'Huila','Co','Colombia'),
(41801,'Teruel',41,'Huila','Co','Colombia'),
(41797,'Tesalia',41,'Huila','Co','Colombia'),
(41807,'Timaná',41,'Huila','Co','Colombia'),
(41872,'Villavieja',41,'Huila','Co','Colombia'),
(41885,'Yaguará',41,'Huila','Co','Colombia'),
(44035,'Albania',44,'La Guajira','Co','Colombia'),
(44078,'Barrancas',44,'La Guajira','Co','Colombia'),
(44090,'Dibulla',44,'La Guajira','Co','Colombia'),
(44098,'Distracción',44,'La Guajira','Co','Colombia'),
(44110,'El Molino',44,'La Guajira','Co','Colombia'),
(44279,'Fonseca',44,'La Guajira','Co','Colombia'),
(44378,'Hatonuevo',44,'La Guajira','Co','Colombia'),
(44420,'La Jagua Del Pilar',44,'La Guajira','Co','Colombia'),
(44430,'Maicao',44,'La Guajira','Co','Colombia'),
(44560,'Manaure',44,'La Guajira','Co','Colombia'),
(44001,'Riohacha',44,'La Guajira','Co','Colombia'),
(44650,'San Juan Del Cesar',44,'La Guajira','Co','Colombia'),
(44847,'Uribia',44,'La Guajira','Co','Colombia'),
(44855,'Urumita',44,'La Guajira','Co','Colombia'),
(44874,'Villanueva',44,'La Guajira','Co','Colombia'),
(47030,'Algarrobo',47,'Magdalena','Co','Colombia'),
(47053,'Aracataca',47,'Magdalena','Co','Colombia'),
(47058,'Ariguaní',47,'Magdalena','Co','Colombia'),
(47161,'Cerro San Antonio',47,'Magdalena','Co','Colombia'),
(47170,'Chibolo',47,'Magdalena','Co','Colombia'),
(47189,'Ciénaga',47,'Magdalena','Co','Colombia'),
(47205,'Concordia',47,'Magdalena','Co','Colombia'),
(47245,'El Banco',47,'Magdalena','Co','Colombia'),
(47258,'El Piñon',47,'Magdalena','Co','Colombia'),
(47268,'El Retén',47,'Magdalena','Co','Colombia'),
(47288,'Fundación',47,'Magdalena','Co','Colombia'),
(47318,'Guamal',47,'Magdalena','Co','Colombia'),
(47460,'Nueva Granada',47,'Magdalena','Co','Colombia'),
(47541,'Pedraza',47,'Magdalena','Co','Colombia'),
(47545,'Pijiño Del Carmen',47,'Magdalena','Co','Colombia'),
(47551,'Pivijay',47,'Magdalena','Co','Colombia'),
(47555,'Plato',47,'Magdalena','Co','Colombia'),
(47570,'Puebloviejo',47,'Magdalena','Co','Colombia'),
(47605,'Remolino',47,'Magdalena','Co','Colombia'),
(47660,'Sabanas De San Angel',47,'Magdalena','Co','Colombia'),
(47675,'Salamina',47,'Magdalena','Co','Colombia'),
(47692,'San Sebastián De Buenavista',47,'Magdalena','Co','Colombia'),
(47703,'San Zenón',47,'Magdalena','Co','Colombia'),
(47707,'Santa Ana',47,'Magdalena','Co','Colombia'),
(47720,'Santa Bárbara De Pinto',47,'Magdalena','Co','Colombia'),
(47001,'Santa Marta',47,'Magdalena','Co','Colombia'),
(47745,'Sitionuevo',47,'Magdalena','Co','Colombia'),
(47798,'Tenerife',47,'Magdalena','Co','Colombia'),
(47960,'Zapayán',47,'Magdalena','Co','Colombia'),
(47980,'Zona Bananera',47,'Magdalena','Co','Colombia'),
(50006,'Acacías',50,'Meta','Co','Colombia'),
(50110,'Barranca De Upía',50,'Meta','Co','Colombia'),
(50124,'Cabuyaro',50,'Meta','Co','Colombia'),
(50150,'Castilla La Nueva',50,'Meta','Co','Colombia'),
(50223,'Cubarral',50,'Meta','Co','Colombia'),
(50226,'Cumaral',50,'Meta','Co','Colombia'),
(50245,'El Calvario',50,'Meta','Co','Colombia'),
(50251,'El Castillo',50,'Meta','Co','Colombia'),
(50270,'El Dorado',50,'Meta','Co','Colombia'),
(50287,'Fuente De Oro',50,'Meta','Co','Colombia'),
(50313,'Granada',50,'Meta','Co','Colombia'),
(50318,'Guamal',50,'Meta','Co','Colombia'),
(50350,'La Macarena',50,'Meta','Co','Colombia'),
(50400,'Lejanías',50,'Meta','Co','Colombia'),
(50325,'Mapiripán',50,'Meta','Co','Colombia'),
(50330,'Mesetas',50,'Meta','Co','Colombia'),
(50450,'Puerto Concordia',50,'Meta','Co','Colombia'),
(50568,'Puerto Gaitán',50,'Meta','Co','Colombia'),
(50577,'Puerto Lleras',50,'Meta','Co','Colombia'),
(50573,'Puerto López',50,'Meta','Co','Colombia'),
(50590,'Puerto Rico',50,'Meta','Co','Colombia'),
(50606,'Restrepo',50,'Meta','Co','Colombia'),
(50680,'San Carlos De Guaroa',50,'Meta','Co','Colombia'),
(50683,'San Juan De Arama',50,'Meta','Co','Colombia'),
(50686,'San Juanito',50,'Meta','Co','Colombia'),
(50689,'San Martín',50,'Meta','Co','Colombia'),
(50370,'Uribe',50,'Meta','Co','Colombia'),
(50001,'Villavicencio',50,'Meta','Co','Colombia'),
(50711,'Vistahermosa',50,'Meta','Co','Colombia'),
(52019,'Albán',52,'Nariño','Co','Colombia'),
(52022,'Aldana',52,'Nariño','Co','Colombia'),
(52036,'Ancuyá',52,'Nariño','Co','Colombia'),
(52051,'Arboleda',52,'Nariño','Co','Colombia'),
(52079,'Barbacoas',52,'Nariño','Co','Colombia'),
(52083,'Belén',52,'Nariño','Co','Colombia'),
(52110,'Buesaco',52,'Nariño','Co','Colombia'),
(52240,'Chachagüí',52,'Nariño','Co','Colombia'),
(52203,'Colón',52,'Nariño','Co','Colombia'),
(52207,'Consaca',52,'Nariño','Co','Colombia'),
(52210,'Contadero',52,'Nariño','Co','Colombia'),
(52215,'Córdoba',52,'Nariño','Co','Colombia'),
(52224,'Cuaspud',52,'Nariño','Co','Colombia'),
(52227,'Cumbal',52,'Nariño','Co','Colombia'),
(52233,'Cumbitara',52,'Nariño','Co','Colombia'),
(52250,'El Charco',52,'Nariño','Co','Colombia'),
(52254,'El Peñol',52,'Nariño','Co','Colombia'),
(52256,'El Rosario',52,'Nariño','Co','Colombia'),
(52258,'El Tablón De Gómez',52,'Nariño','Co','Colombia'),
(52260,'El Tambo',52,'Nariño','Co','Colombia'),
(52520,'Francisco Pizarro',52,'Nariño','Co','Colombia'),
(52287,'Funes',52,'Nariño','Co','Colombia'),
(52317,'Guachucal',52,'Nariño','Co','Colombia'),
(52320,'Guaitarilla',52,'Nariño','Co','Colombia'),
(52323,'Gualmatán',52,'Nariño','Co','Colombia'),
(52352,'Iles',52,'Nariño','Co','Colombia'),
(52354,'Imués',52,'Nariño','Co','Colombia'),
(52356,'Ipiales',52,'Nariño','Co','Colombia'),
(52378,'La Cruz',52,'Nariño','Co','Colombia'),
(52381,'La Florida',52,'Nariño','Co','Colombia'),
(52385,'La Llanada',52,'Nariño','Co','Colombia'),
(52390,'La Tola',52,'Nariño','Co','Colombia'),
(52399,'La Unión',52,'Nariño','Co','Colombia'),
(52405,'Leiva',52,'Nariño','Co','Colombia'),
(52411,'Linares',52,'Nariño','Co','Colombia'),
(52418,'Los Andes',52,'Nariño','Co','Colombia'),
(52427,'Magüi',52,'Nariño','Co','Colombia'),
(52435,'Mallama',52,'Nariño','Co','Colombia'),
(52473,'Mosquera',52,'Nariño','Co','Colombia'),
(52480,'Nariño',52,'Nariño','Co','Colombia'),
(52490,'Olaya Herrera',52,'Nariño','Co','Colombia'),
(52506,'Ospina',52,'Nariño','Co','Colombia'),
(52001,'Pasto',52,'Nariño','Co','Colombia'),
(52540,'Policarpa',52,'Nariño','Co','Colombia'),
(52560,'Potosí',52,'Nariño','Co','Colombia'),
(52565,'Providencia',52,'Nariño','Co','Colombia'),
(52573,'Puerres',52,'Nariño','Co','Colombia'),
(52585,'Pupiales',52,'Nariño','Co','Colombia'),
(52612,'Ricaurte',52,'Nariño','Co','Colombia'),
(52621,'Roberto Payán',52,'Nariño','Co','Colombia'),
(52678,'Samaniego',52,'Nariño','Co','Colombia'),
(52685,'San Bernardo',52,'Nariño','Co','Colombia'),
(52687,'San Lorenzo',52,'Nariño','Co','Colombia'),
(52693,'San Pablo',52,'Nariño','Co','Colombia'),
(52694,'San Pedro De Cartago',52,'Nariño','Co','Colombia'),
(52683,'Sandoná',52,'Nariño','Co','Colombia'),
(52696,'Santa Bárbara',52,'Nariño','Co','Colombia'),
(52699,'Santacruz',52,'Nariño','Co','Colombia'),
(52720,'Sapuyes',52,'Nariño','Co','Colombia'),
(52786,'Taminango',52,'Nariño','Co','Colombia'),
(52788,'Tangua',52,'Nariño','Co','Colombia'),
(52835,'Tumaco',52,'Nariño','Co','Colombia'),
(52838,'Túquerres',52,'Nariño','Co','Colombia'),
(52885,'Yacuanquer',52,'Nariño','Co','Colombia'),
(54003,'Abrego',54,'Norte de Santander','Co','Colombia'),
(54051,'Arboledas',54,'Norte de Santander','Co','Colombia'),
(54099,'Bochalema',54,'Norte de Santander','Co','Colombia'),
(54109,'Bucarasica',54,'Norte de Santander','Co','Colombia'),
(54128,'Cachirá',54,'Norte de Santander','Co','Colombia'),
(54125,'Cácota',54,'Norte de Santander','Co','Colombia'),
(54172,'Chinácota',54,'Norte de Santander','Co','Colombia'),
(54174,'Chitagá',54,'Norte de Santander','Co','Colombia'),
(54206,'Convención',54,'Norte de Santander','Co','Colombia'),
(54001,'Cúcuta',54,'Norte de Santander','Co','Colombia'),
(54223,'Cucutilla',54,'Norte de Santander','Co','Colombia'),
(54239,'Durania',54,'Norte de Santander','Co','Colombia'),
(54245,'El Carmen',54,'Norte de Santander','Co','Colombia'),
(54250,'El Tarra',54,'Norte de Santander','Co','Colombia'),
(54261,'El Zulia',54,'Norte de Santander','Co','Colombia'),
(54313,'Gramalote',54,'Norte de Santander','Co','Colombia'),
(54344,'Hacarí',54,'Norte de Santander','Co','Colombia'),
(54347,'Herrán',54,'Norte de Santander','Co','Colombia'),
(54385,'La Esperanza',54,'Norte de Santander','Co','Colombia'),
(54398,'La Playa',54,'Norte de Santander','Co','Colombia'),
(54377,'Labateca',54,'Norte de Santander','Co','Colombia'),
(54405,'Los Patios',54,'Norte de Santander','Co','Colombia'),
(54418,'Lourdes',54,'Norte de Santander','Co','Colombia'),
(54480,'Mutiscua',54,'Norte de Santander','Co','Colombia'),
(54498,'Ocaña',54,'Norte de Santander','Co','Colombia'),
(54518,'Pamplona',54,'Norte de Santander','Co','Colombia'),
(54520,'Pamplonita',54,'Norte de Santander','Co','Colombia'),
(54553,'Puerto Santander',54,'Norte de Santander','Co','Colombia'),
(54599,'Ragonvalia',54,'Norte de Santander','Co','Colombia'),
(54660,'Salazar',54,'Norte de Santander','Co','Colombia'),
(54670,'San Calixto',54,'Norte de Santander','Co','Colombia'),
(54673,'San Cayetano',54,'Norte de Santander','Co','Colombia'),
(54680,'Santiago',54,'Norte de Santander','Co','Colombia'),
(54720,'Sardinata',54,'Norte de Santander','Co','Colombia'),
(54743,'Silos',54,'Norte de Santander','Co','Colombia'),
(54800,'Teorama',54,'Norte de Santander','Co','Colombia'),
(54810,'Tibú',54,'Norte de Santander','Co','Colombia'),
(54820,'Toledo',54,'Norte de Santander','Co','Colombia'),
(54871,'Villa Caro',54,'Norte de Santander','Co','Colombia'),
(54874,'Villa Del Rosario',54,'Norte de Santander','Co','Colombia'),
(86219,'Colón',86,'Putumayo','Co','Colombia'),
(86573,'Leguízamo',86,'Putumayo','Co','Colombia'),
(86001,'Mocoa',86,'Putumayo','Co','Colombia'),
(86320,'Orito',86,'Putumayo','Co','Colombia'),
(86568,'Puerto Asís',86,'Putumayo','Co','Colombia'),
(86569,'Puerto Caicedo',86,'Putumayo','Co','Colombia'),
(86571,'Puerto Guzmán',86,'Putumayo','Co','Colombia'),
(86755,'San Francisco',86,'Putumayo','Co','Colombia'),
(86757,'San Miguel',86,'Putumayo','Co','Colombia'),
(86760,'Santiago',86,'Putumayo','Co','Colombia'),
(86749,'Sibundoy',86,'Putumayo','Co','Colombia'),
(86865,'Valle Del Guamuez',86,'Putumayo','Co','Colombia'),
(86885,'Villagarzón',86,'Putumayo','Co','Colombia'),
(63001,'Armenia',63,'Quindio','Co','Colombia'),
(63111,'Buenavista',63,'Quindio','Co','Colombia'),
(63130,'Calarca',63,'Quindio','Co','Colombia'),
(63190,'Circasia',63,'Quindio','Co','Colombia'),
(63212,'Córdoba',63,'Quindio','Co','Colombia'),
(63272,'Filandia',63,'Quindio','Co','Colombia'),
(63302,'Génova',63,'Quindio','Co','Colombia'),
(63401,'La Tebaida',63,'Quindio','Co','Colombia'),
(63470,'Montenegro',63,'Quindio','Co','Colombia'),
(63548,'Pijao',63,'Quindio','Co','Colombia'),
(63594,'Quimbaya',63,'Quindio','Co','Colombia'),
(63690,'Salento',63,'Quindio','Co','Colombia'),
(66045,'Apía',66,'Risaralda','Co','Colombia'),
(66075,'Balboa',66,'Risaralda','Co','Colombia'),
(66088,'Belén De Umbría',66,'Risaralda','Co','Colombia'),
(66170,'Dosquebradas',66,'Risaralda','Co','Colombia'),
(66318,'Guática',66,'Risaralda','Co','Colombia'),
(66383,'La Celia',66,'Risaralda','Co','Colombia'),
(66400,'La Virginia',66,'Risaralda','Co','Colombia'),
(66440,'Marsella',66,'Risaralda','Co','Colombia'),
(66456,'Mistrató',66,'Risaralda','Co','Colombia'),
(66001,'Pereira',66,'Risaralda','Co','Colombia'),
(66572,'Pueblo Rico',66,'Risaralda','Co','Colombia'),
(66594,'Quinchía',66,'Risaralda','Co','Colombia'),
(66682,'Santa Rosa De Cabal',66,'Risaralda','Co','Colombia'),
(66687,'Santuario',66,'Risaralda','Co','Colombia'),
(68013,'Aguada',68,'Santander','Co','Colombia'),
(68020,'Albania',68,'Santander','Co','Colombia'),
(68051,'Aratoca',68,'Santander','Co','Colombia'),
(68077,'Barbosa',68,'Santander','Co','Colombia'),
(68079,'Barichara',68,'Santander','Co','Colombia'),
(68081,'Barrancabermeja',68,'Santander','Co','Colombia'),
(68092,'Betulia',68,'Santander','Co','Colombia'),
(68101,'Bolívar',68,'Santander','Co','Colombia'),
(68001,'Bucaramanga',68,'Santander','Co','Colombia'),
(68121,'Cabrera',68,'Santander','Co','Colombia'),
(68132,'California',68,'Santander','Co','Colombia'),
(68147,'Capitanejo',68,'Santander','Co','Colombia'),
(68152,'Carcasí',68,'Santander','Co','Colombia'),
(68160,'Cepitá',68,'Santander','Co','Colombia'),
(68162,'Cerrito',68,'Santander','Co','Colombia'),
(68167,'Charalá',68,'Santander','Co','Colombia'),
(68169,'Charta',68,'Santander','Co','Colombia'),
(68176,'Chima',68,'Santander','Co','Colombia'),
(68179,'Chipatá',68,'Santander','Co','Colombia'),
(68190,'Cimitarra',68,'Santander','Co','Colombia'),
(68207,'Concepción',68,'Santander','Co','Colombia'),
(68209,'Confines',68,'Santander','Co','Colombia'),
(68211,'Contratación',68,'Santander','Co','Colombia'),
(68217,'Coromoro',68,'Santander','Co','Colombia'),
(68229,'Curití',68,'Santander','Co','Colombia'),
(68235,'El Carmen De Chucurí',68,'Santander','Co','Colombia'),
(68245,'El Guacamayo',68,'Santander','Co','Colombia'),
(68250,'El Peñón',68,'Santander','Co','Colombia'),
(68255,'El Playón',68,'Santander','Co','Colombia'),
(68264,'Encino',68,'Santander','Co','Colombia'),
(68266,'Enciso',68,'Santander','Co','Colombia'),
(68271,'Florián',68,'Santander','Co','Colombia'),
(68276,'Floridablanca',68,'Santander','Co','Colombia'),
(68296,'Galán',68,'Santander','Co','Colombia'),
(68298,'Gambita',68,'Santander','Co','Colombia'),
(68307,'Girón',68,'Santander','Co','Colombia'),
(68318,'Guaca',68,'Santander','Co','Colombia'),
(68320,'Guadalupe',68,'Santander','Co','Colombia'),
(68322,'Guapotá',68,'Santander','Co','Colombia'),
(68324,'Guavatá',68,'Santander','Co','Colombia'),
(68327,'Güepsa',68,'Santander','Co','Colombia'),
(68344,'Hato',68,'Santander','Co','Colombia'),
(68368,'Jesús María',68,'Santander','Co','Colombia'),
(68370,'Jordán',68,'Santander','Co','Colombia'),
(68377,'La Belleza',68,'Santander','Co','Colombia'),
(68397,'La Paz',68,'Santander','Co','Colombia'),
(68385,'Landázuri',68,'Santander','Co','Colombia'),
(68406,'Lebríja',68,'Santander','Co','Colombia'),
(68418,'Los Santos',68,'Santander','Co','Colombia'),
(68425,'Macaravita',68,'Santander','Co','Colombia'),
(68432,'Málaga',68,'Santander','Co','Colombia'),
(68444,'Matanza',68,'Santander','Co','Colombia'),
(68464,'Mogotes',68,'Santander','Co','Colombia'),
(68468,'Molagavita',68,'Santander','Co','Colombia'),
(68498,'Ocamonte',68,'Santander','Co','Colombia'),
(68500,'Oiba',68,'Santander','Co','Colombia'),
(68502,'Onzaga',68,'Santander','Co','Colombia'),
(68522,'Palmar',68,'Santander','Co','Colombia'),
(68524,'Palmas Del Socorro',68,'Santander','Co','Colombia'),
(68533,'Páramo',68,'Santander','Co','Colombia'),
(68547,'Piedecuesta',68,'Santander','Co','Colombia'),
(68549,'Pinchote',68,'Santander','Co','Colombia'),
(68572,'Puente Nacional',68,'Santander','Co','Colombia'),
(68573,'Puerto Parra',68,'Santander','Co','Colombia'),
(68575,'Puerto Wilches',68,'Santander','Co','Colombia'),
(68615,'Rionegro',68,'Santander','Co','Colombia'),
(68655,'Sabana De Torres',68,'Santander','Co','Colombia'),
(68669,'San Andrés',68,'Santander','Co','Colombia'),
(68673,'San Benito',68,'Santander','Co','Colombia'),
(68679,'San Gil',68,'Santander','Co','Colombia'),
(68682,'San Joaquín',68,'Santander','Co','Colombia'),
(68684,'San José De Miranda',68,'Santander','Co','Colombia'),
(68686,'San Miguel',68,'Santander','Co','Colombia'),
(68689,'San Vicente De Chucurí',68,'Santander','Co','Colombia'),
(68705,'Santa Bárbara',68,'Santander','Co','Colombia'),
(68720,'Santa Helena Del Opón',68,'Santander','Co','Colombia'),
(68745,'Simacota',68,'Santander','Co','Colombia'),
(68755,'Socorro',68,'Santander','Co','Colombia'),
(68770,'Suaita',68,'Santander','Co','Colombia'),
(68773,'Sucre',68,'Santander','Co','Colombia'),
(68780,'Suratá',68,'Santander','Co','Colombia'),
(68820,'Tona',68,'Santander','Co','Colombia'),
(68855,'Valle De San José',68,'Santander','Co','Colombia'),
(68861,'Vélez',68,'Santander','Co','Colombia'),
(68867,'Vetas',68,'Santander','Co','Colombia'),
(68872,'Villanueva',68,'Santander','Co','Colombia'),
(68895,'Zapatoca',68,'Santander','Co','Colombia'),
(70110,'Buenavista',70,'Sucre','Co','Colombia'),
(70124,'Caimito',70,'Sucre','Co','Colombia'),
(70230,'Chalán',70,'Sucre','Co','Colombia'),
(70204,'Coloso',70,'Sucre','Co','Colombia'),
(70215,'Corozal',70,'Sucre','Co','Colombia'),


(70221,'Coveñas',70,'Sucre','Co','Colombia'),
(70233,'El Roble',70,'Sucre','Co','Colombia'),
(70235,'Galeras',70,'Sucre','Co','Colombia'),
(70265,'Guaranda',70,'Sucre','Co','Colombia'),
(70400,'La Unión',70,'Sucre','Co','Colombia'),
(70418,'Los Palmitos',70,'Sucre','Co','Colombia'),
(70429,'Majagual',70,'Sucre','Co','Colombia'),
(70473,'Morroa',70,'Sucre','Co','Colombia'),
(70508,'Ovejas',70,'Sucre','Co','Colombia'),
(70523,'Palmito',70,'Sucre','Co','Colombia'),
(70670,'Sampués',70,'Sucre','Co','Colombia'),
(70678,'San Benito Abad',70,'Sucre','Co','Colombia'),
(70702,'San Juan De Betulia',70,'Sucre','Co','Colombia'),
(70708,'San Marcos',70,'Sucre','Co','Colombia'),
(70713,'San Onofre',70,'Sucre','Co','Colombia'),
(70717,'San Pedro',70,'Sucre','Co','Colombia'),
(70820,'Santiago De Tolú',70,'Sucre','Co','Colombia'),
(70742,'Sincé',70,'Sucre','Co','Colombia'),
(70001,'Sincelejo',70,'Sucre','Co','Colombia'),
(70771,'Sucre',70,'Sucre','Co','Colombia'),
(70823,'Tolú Viejo',70,'Sucre','Co','Colombia'),
(73024,'Alpujarra',73,'Tolima','Co','Colombia'),
(73026,'Alvarado',73,'Tolima','Co','Colombia'),
(73030,'Ambalema',73,'Tolima','Co','Colombia'),
(73043,'Anzoátegui',73,'Tolima','Co','Colombia'),
(73055,'Armero',73,'Tolima','Co','Colombia'),
(73067,'Ataco',73,'Tolima','Co','Colombia'),
(73124,'Cajamarca',73,'Tolima','Co','Colombia'),
(73148,'Carmen De Apicalá',73,'Tolima','Co','Colombia'),
(73152,'Casabianca',73,'Tolima','Co','Colombia'),
(73168,'Chaparral',73,'Tolima','Co','Colombia'),
(73200,'Coello',73,'Tolima','Co','Colombia'),
(73217,'Coyaima',73,'Tolima','Co','Colombia'),
(73226,'Cunday',73,'Tolima','Co','Colombia'),
(73236,'Dolores',73,'Tolima','Co','Colombia'),
(73268,'Espinal',73,'Tolima','Co','Colombia'),
(73270,'Falan',73,'Tolima','Co','Colombia'),
(73275,'Flandes',73,'Tolima','Co','Colombia'),
(73283,'Fresno',73,'Tolima','Co','Colombia'),
(73319,'Guamo',73,'Tolima','Co','Colombia'),
(73347,'Herveo',73,'Tolima','Co','Colombia'),
(73349,'Honda',73,'Tolima','Co','Colombia'),
(73001,'Ibagué',73,'Tolima','Co','Colombia'),
(73352,'Icononzo',73,'Tolima','Co','Colombia'),
(73408,'Lérida',73,'Tolima','Co','Colombia'),
(73411,'Líbano',73,'Tolima','Co','Colombia'),
(73443,'Mariquita',73,'Tolima','Co','Colombia'),
(73449,'Melgar',73,'Tolima','Co','Colombia'),
(73461,'Murillo',73,'Tolima','Co','Colombia'),
(73483,'Natagaima',73,'Tolima','Co','Colombia'),
(73504,'Ortega',73,'Tolima','Co','Colombia'),
(73520,'Palocabildo',73,'Tolima','Co','Colombia'),
(73547,'Piedras',73,'Tolima','Co','Colombia'),
(73555,'Planadas',73,'Tolima','Co','Colombia'),
(73563,'Prado',73,'Tolima','Co','Colombia'),
(73585,'Purificación',73,'Tolima','Co','Colombia'),
(73616,'Rioblanco',73,'Tolima','Co','Colombia'),
(73622,'Roncesvalles',73,'Tolima','Co','Colombia'),
(73624,'Rovira',73,'Tolima','Co','Colombia'),
(73671,'Saldaña',73,'Tolima','Co','Colombia'),
(73675,'San Antonio',73,'Tolima','Co','Colombia'),
(73678,'San Luis',73,'Tolima','Co','Colombia'),
(73686,'Santa Isabel',73,'Tolima','Co','Colombia'),
(73770,'Suárez',73,'Tolima','Co','Colombia'),
(73854,'Valle De San Juan',73,'Tolima','Co','Colombia'),
(73861,'Venadillo',73,'Tolima','Co','Colombia'),
(73870,'Villahermosa',73,'Tolima','Co','Colombia'),
(73873,'Villarrica',73,'Tolima','Co','Colombia'),
(76020,'Alcalá',76,'Valle del Cauca','Co','Colombia'),
(76036,'Andalucía',76,'Valle del Cauca','Co','Colombia'),
(76041,'Ansermanuevo',76,'Valle del Cauca','Co','Colombia'),
(76054,'Argelia',76,'Valle del Cauca','Co','Colombia'),
(76100,'Bolívar',76,'Valle del Cauca','Co','Colombia'),
(76109,'Buenaventura',76,'Valle del Cauca','Co','Colombia'),
(76113,'Bugalagrande',76,'Valle del Cauca','Co','Colombia'),
(76122,'Caicedonia',76,'Valle del Cauca','Co','Colombia'),
(76001,'Cali',76,'Valle del Cauca','Co','Colombia'),
(76126,'Calima',76,'Valle del Cauca','Co','Colombia'),
(76130,'Candelaria',76,'Valle del Cauca','Co','Colombia'),
(76147,'Cartago',76,'Valle del Cauca','Co','Colombia'),
(76233,'Dagua',76,'Valle del Cauca','Co','Colombia'),
(76243,'El Águila',76,'Valle del Cauca','Co','Colombia'),
(76246,'El Cairo',76,'Valle del Cauca','Co','Colombia'),
(76248,'El Cerrito',76,'Valle del Cauca','Co','Colombia'),
(76250,'El Dovio',76,'Valle del Cauca','Co','Colombia'),
(76275,'Florida',76,'Valle del Cauca','Co','Colombia'),
(76306,'Ginebra',76,'Valle del Cauca','Co','Colombia'),
(76318,'Guacarí',76,'Valle del Cauca','Co','Colombia'),
(76111,'Guadalajara De Buga',76,'Valle del Cauca','Co','Colombia'),
(76364,'Jamundí',76,'Valle del Cauca','Co','Colombia'),
(76377,'La Cumbre',76,'Valle del Cauca','Co','Colombia'),
(76400,'La Unión',76,'Valle del Cauca','Co','Colombia'),
(76403,'La Victoria',76,'Valle del Cauca','Co','Colombia'),
(76497,'Obando',76,'Valle del Cauca','Co','Colombia'),
(76520,'Palmira',76,'Valle del Cauca','Co','Colombia'),
(76563,'Pradera',76,'Valle del Cauca','Co','Colombia'),
(76606,'Restrepo',76,'Valle del Cauca','Co','Colombia'),
(76616,'Riofrío',76,'Valle del Cauca','Co','Colombia'),
(76622,'Roldanillo',76,'Valle del Cauca','Co','Colombia'),
(76670,'San Pedro',76,'Valle del Cauca','Co','Colombia'),
(76736,'Sevilla',76,'Valle del Cauca','Co','Colombia'),
(76823,'Toro',76,'Valle del Cauca','Co','Colombia'),
(76828,'Trujillo',76,'Valle del Cauca','Co','Colombia'),
(76834,'Tuluá',76,'Valle del Cauca','Co','Colombia'),
(76845,'Ulloa',76,'Valle del Cauca','Co','Colombia'),
(76863,'Versalles',76,'Valle del Cauca','Co','Colombia'),
(76869,'Vijes',76,'Valle del Cauca','Co','Colombia'),
(76890,'Yotoco',76,'Valle del Cauca','Co','Colombia'),
(76892,'Yumbo',76,'Valle del Cauca','Co','Colombia'),
(76895,'Zarzal',76,'Valle del Cauca','Co','Colombia'),
(97161,'Caruru',97,'Vaupés','Co','Colombia'),
(97001,'Mitú',97,'Vaupés','Co','Colombia'),
(97511,'Pacoa',97,'Vaupés','Co','Colombia'),
(97777,'Papunaua',97,'Vaupés','Co','Colombia'),
(97666,'Taraira',97,'Vaupés','Co','Colombia'),
(97889,'Yavaraté',97,'Vaupés','Co','Colombia'),
(99773,'Cumaribo',99,'Vichada','Co','Colombia'),
(99524,'La Primavera',99,'Vichada','Co','Colombia'),
(99001,'Puerto Carreño',99,'Vichada','Co','Colombia'),
(99624,'Santa Rosalía',99,'Vichada','Co','Colombia')

INSERT INTO tblTypeIdentification(code,[name])
VALUES('13','Cédula de ciudadanía'),
('31','NIT'),
('22','Cédula de extranjería'),
('42','Documento de identificación extranjero'),
('50','NIT de otro país'),
('R-00-PN','No obligado a registrarse en el RUT PN'),
('91','NUIP'),
('41','Pasaporte'),
('47','Permiso especial de permanencia PEP'),
('11','Registro civil'),
('43','Sin identificación del exterior o para uso definido por la DIAN'),
('21','Tarjeta de extranjería'),
('12','Tarjeta de identidad')


--[param].[tblSessionSiigo]
INSERT INTO [param].[tblSessionSiigo] ([id], [usuario], [accesskey])
VALUES (NEWID(), 'catalina.causil@agroequiposalpujarra.com', 'Y2UwNjU2NjYtM2E5ZC00MGJkLTllYWItZGFmMThkYzRlOTM5Ojh6TDYjQywlbUM=');

--ESTRUCTURAS DE PRODUCTO

--ID Temporales, se necesitan los que se inserten en siigo
DECLARE @IdMotosierra UNIQUEIDENTIFIER = '45CD39A8-9878-4D77-81F4-A9628D2B8D59' -- 'F27B64D4-E517-43C1-B229-BD94F5339FD5'
DECLARE @IdGuadanadora UNIQUEIDENTIFIER = '3D6197FD-F6DA-4A74-BB9B-3C539773608D' -- '1FE9C902-0E23-40EC-A772-CFC3A8EA962C'
DECLARE @IdSopladora UNIQUEIDENTIFIER = '3BFF8297-5E36-4019-B41D-A1DEEAC770ED'
DECLARE @IdHidrolavadora UNIQUEIDENTIFIER = 'BF863250-8B7C-41FA-9053-2B542A143D70'
DECLARE @IdCortasetos UNIQUEIDENTIFIER = 'B0B29631-7B41-48B0-8EF3-197A1D01A09A'
DECLARE @IdFumigadoraManual UNIQUEIDENTIFIER = '0676D523-E20D-40A7-BAAB-280540104DE3'
DECLARE @IdFumigadoraMotor UNIQUEIDENTIFIER = '4F6B9729-2146-461F-B16C-5F520A7E0C0E'
DECLARE @IdFumigadoraEstacionaria UNIQUEIDENTIFIER = 'DE7C96D1-11E6-4940-A723-720FD07DAF4B'
DECLARE @IdOtrosEquipos UNIQUEIDENTIFIER = NULL
DECLARE @IdBomba UNIQUEIDENTIFIER = 'CDBA45EB-4C2A-4DFB-BC27-70B36C7E734B'
DECLARE @IdGenerador UNIQUEIDENTIFIER = '0AA115AB-8095-4DD2-80C0-A9F1DAB6B259'
DECLARE @IdMotor UNIQUEIDENTIFIER = '860A7BD5-20AA-4DE4-9AA2-22C58CD8D772'

--Id ProductPropertyTypes
DECLARE @IdProductPropertiesMotosierra UNIQUEIDENTIFIER = '7F74C89E-78B8-4060-B8D5-7A4DAFE6FD9B'
DECLARE @IdProductPropertiesGuadanadora UNIQUEIDENTIFIER = '7D750BC2-091C-4FEF-9FB3-BA0B1377415F'
DECLARE @IdProductPropertiesSopladora UNIQUEIDENTIFIER = '0C10EBB2-414E-41A7-BC80-36556935E72C'
DECLARE @IdProductPropertiesHidrolavadora UNIQUEIDENTIFIER = 'E5B318C7-E5A7-4FBA-90F8-8E64F22367FF'
DECLARE @IdProductPropertiesCortasetos UNIQUEIDENTIFIER = '2DAA8A33-871C-4199-9706-567AC6D801C8'
DECLARE @IdProductPropertiesFumigadoraManual UNIQUEIDENTIFIER = 'EEAF3514-4BEB-41C9-B7FE-84B86AFA47EF'
DECLARE @IdProductPropertiesFumigadoraMotor UNIQUEIDENTIFIER = '16D389EA-672B-485D-8B16-60D6A166690B'
DECLARE @IdProductPropertiesFumigadoraEstacionaria UNIQUEIDENTIFIER = '9C935BF0-F0C3-4F0C-BACC-D21754C0CFBC'
DECLARE @IdProductPropertiesOtrosEquipos UNIQUEIDENTIFIER = '7A5A3D97-F645-4CC6-8488-EDDBD2BA6DE4'
DECLARE @IdProductPropertiesBomba UNIQUEIDENTIFIER = '67F07CF4-9EE0-4D80-AEC5-3281A4327AF3'
DECLARE @IdProductPropertiesGenerador UNIQUEIDENTIFIER = '2CF26C13-25F0-40CF-8C1F-80423ABEC922'
DECLARE @IdProductPropertiesMotor UNIQUEIDENTIFIER = 'DACBF334-4A6E-4336-8F6B-00FE26983FA9'

INSERT INTO [tblProductPropertyTypes]([IdProductPropertyType], [IdProduct], [HasProperties], [HasOptions]) VALUES 
	(@IdProductPropertiesMotosierra, @IdMotosierra, 1, 0),--Motosierra
	(@IdProductPropertiesGuadanadora, @IdGuadanadora, 1, 0),--Guadañadora
	(@IdProductPropertiesSopladora, @IdSopladora, 1, 0),--Sopladora
	(@IdProductPropertiesHidrolavadora, @IdHidrolavadora, 1, 0),--Hidrolavadora
	(@IdProductPropertiesCortasetos, @IdCortasetos, 1, 0),--Cortasetos
	(@IdProductPropertiesFumigadoraManual, @IdFumigadoraManual, 1, 0),--Fumigadora manual
	(@IdProductPropertiesFumigadoraMotor, @IdFumigadoraMotor, 1, 0),--Fumigadora a motor
	(@IdProductPropertiesFumigadoraEstacionaria, @IdFumigadoraEstacionaria, 1, 0),--Fumigadora estacionaria
	(@IdProductPropertiesOtrosEquipos, @IdOtrosEquipos, 0, 1),--Otros equipos
	(@IdProductPropertiesBomba, @IdBomba, 1, 0),--Bomba
	(@IdProductPropertiesGenerador, @IdGenerador, 1, 0),--Generador
	(@IdProductPropertiesMotor, @IdMotor, 1, 0);--Motor
	
--Id Properties
DECLARE @IdMarcaSelect UNIQUEIDENTIFIER = '846916C6-22A5-43FC-8803-92986ECF98C6';
DECLARE @IdModeloInput UNIQUEIDENTIFIER = '550A936D-F4B6-4202-939E-BA6D9DC5E95B';
DECLARE @IdEspadaSelect UNIQUEIDENTIFIER = 'DE2ED903-D29D-4C78-A6AA-E1A2F3FE1B67';
DECLARE @IdProtectorSelect UNIQUEIDENTIFIER = '1B6B22B7-90FA-4915-8AAF-D923EC0208F5';
DECLARE @IdCadenaSelect UNIQUEIDENTIFIER = 'AC6FA809-BDB2-419F-928B-049D527CA273';
DECLARE @IdDesarmadoSelect UNIQUEIDENTIFIER = '72DD40AA-C571-422F-89D2-B5B29B15BD3A';
DECLARE @IdNoSerialInput UNIQUEIDENTIFIER = 'F99EFC8E-C315-410A-A275-7E08EC07FB5C';
DECLARE @IdTuboSopladorSelect UNIQUEIDENTIFIER = 'D3411E5B-B896-42F4-9DEA-F5A09CDAEF20';
DECLARE @IdCuchillaSelect UNIQUEIDENTIFIER = 'BB0F8165-0876-4493-AD24-6254E28EA5BD';
DECLARE @IdYoyoSelect UNIQUEIDENTIFIER = 'D5C0A57D-0A22-4B76-910B-16AEB461786E';
DECLARE @IdArnesSelect UNIQUEIDENTIFIER = '6F38C3F6-3FE4-4AAA-856F-E42918BA892E';
DECLARE @IdPistolaSelect UNIQUEIDENTIFIER = '4628F943-110C-4D1F-BFBF-5090036B9172';
DECLARE @IdLanzaSelect UNIQUEIDENTIFIER = '51991ECE-2ECD-4BBE-BCA7-F7FAC07439B9';
DECLARE @IdMangueraSelect UNIQUEIDENTIFIER = '1B96A449-2D73-4900-97DA-59986765A843';
DECLARE @IdBoquillasSelect UNIQUEIDENTIFIER = 'DD7D35C0-7F61-44D8-A499-0C3A30204972';
DECLARE @IdMarcaAddSelect UNIQUEIDENTIFIER = '18C1284D-B38E-4E7D-A113-BF6E952F44B8';
DECLARE @IdPalancaSelect UNIQUEIDENTIFIER = '16E7DA7F-82B3-4333-A359-7A226EA3E5FB';
DECLARE @IdTuboAspersorSelect UNIQUEIDENTIFIER = '5A4CC6B9-1F0F-401B-A430-973E2B1E74A6';
DECLARE @IdRejillaSelect UNIQUEIDENTIFIER = '16E261E5-3A6E-4EB0-B7DB-DCE3837C6A48';
DECLARE @IdEmpunaduraManoSelect UNIQUEIDENTIFIER = 'D81304EE-B409-4FFB-B80F-EB7B7A98BE2E';
DECLARE @IdMangSuccionSelect UNIQUEIDENTIFIER = 'C0251888-0337-4651-8C80-704917357F48';
DECLARE @IdMangRetornoSelect UNIQUEIDENTIFIER = '0B40ED18-6B49-439C-82B3-304114D60AE6';
DECLARE @IdMarcaAddComplexSelect UNIQUEIDENTIFIER = '0206C6CA-5A14-4BC3-B7F7-51E7EC56A3F2';
DECLARE @IdMarcaAddRCSelect UNIQUEIDENTIFIER = '81CD7071-DEF7-4CFA-87B0-A04C4186E042';
DECLARE @IdMarcaAddYamSelect UNIQUEIDENTIFIER = '919A3820-6293-4E9C-9C8C-3304A05FB2D3';
DECLARE @IdCorreasSelect UNIQUEIDENTIFIER = 'F9FDD266-D59A-4D32-A027-5361CEFE0494';


INSERT INTO [tblProductProperties]([IdProductProperty], [TextProperty], [HasOptions], [HasText]) VALUES
	(@IdMarcaSelect, 'Marca', 1, 0),
	(@IdModeloInput, 'Modelo', 0, 1),
	(@IdEspadaSelect, 'Espada', 1, 0),
	(@IdProtectorSelect, 'Protector', 1, 0),
	(@IdCadenaSelect, 'Cadena', 1, 0),
	(@IdDesarmadoSelect, 'Desarmado', 1, 0),
	(@IdNoSerialInput, 'No. Serial', 0, 1),
	(@IdTuboSopladorSelect, 'Tubo soplador', 1, 0),
	(@IdCuchillaSelect, 'Cuchilla', 1, 0),
	(@IdYoyoSelect, 'Yoyo', 1, 0),
	(@IdArnesSelect, 'Arnés', 1, 0),
	(@IdPistolaSelect, 'Pistola', 1, 0),
	(@IdLanzaSelect, 'Lanza', 1, 0),
	(@IdMangueraSelect, 'Manguera', 1, 0),
	(@IdBoquillasSelect, 'Boquillas', 1, 0),
	(@IdMarcaAddSelect, 'Marca', 1, 0),
	(@IdPalancaSelect, 'Palanca', 1, 0),
	(@IdTuboAspersorSelect, 'Tubo aspersor', 1, 0),
	(@IdRejillaSelect, 'Rejilla', 1, 0),
	(@IdEmpunaduraManoSelect, 'Empuñadura mano', 1, 0),
	(@IdMangSuccionSelect, 'Mang. Succión', 1, 0),
	(@IdMangRetornoSelect, 'Mang. Retorno', 1, 0),
	(@IdMarcaAddComplexSelect, 'Marca', 1, 0),
	(@IdMarcaAddYamSelect, 'Marca', 1, 0),
	(@IdMarcaAddRCSelect, 'Marca', 1, 0),
	(@IdCorreasSelect, 'Correas', 1, 0);	
	
--Id Options
DECLARE @IdStihl UNIQUEIDENTIFIER = '4D03258A-49E8-4209-98D2-1EDE23253A69';
DECLARE @IdOtra UNIQUEIDENTIFIER = '5714BD9F-B524-4941-922D-47DD899BBEC9';
DECLARE @IdSi UNIQUEIDENTIFIER = '2934EB29-699C-4508-8777-BA980CC52801';
DECLARE @IdNo UNIQUEIDENTIFIER = '69339523-3A28-448B-AB90-7A06C38EBE82';
DECLARE @IdAnnoviReverberi UNIQUEIDENTIFIER = '1202DEA2-F37B-4F1D-8492-F118D6C657CD';
DECLARE @IdRoyalCondor UNIQUEIDENTIFIER = 'DF833F8D-F89E-48B3-8657-9468CE8D1CBD';
DECLARE @IdYamaha UNIQUEIDENTIFIER = '573B0974-F31C-48A8-8363-74CE6A3727F9';
DECLARE @IdPowerMaster UNIQUEIDENTIFIER = 'BAB9D283-6978-4A3F-9467-F09486432A0C';
DECLARE @IdElite UNIQUEIDENTIFIER = 'BF92048E-8113-4A4A-99B8-0C265C488A85';
DECLARE @IdEdo UNIQUEIDENTIFIER = '2E241784-2B9D-49DF-8128-9822C6E8DEF1';
DECLARE @IdSolan UNIQUEIDENTIFIER = 'BFFA4B80-BB1B-4BE6-AA74-2BC0F9737614';

INSERT INTO [tblProductPropertyOptions] ([IdProductPropertyOption], [TextOption], [HasText]) VALUES
	(@IdStihl, 'STIHL', 0),
	(@IdOtra, 'Otra', 1),
	(@IdSi, 'Si', 0),
	(@IdNo, 'No', 0),
	(@IdAnnoviReverberi, 'Annovi Reverberi', 0),
	(@IdRoyalCondor, 'Royal Condor', 0),
	(@IdYamaha, 'Yamaha', 0),
	(@IdSolan, 'Sokan', 0),
	(@IdPowerMaster, 'Power Master', 0),
	(@IdElite, 'Elite', 0),
	(@IdEdo, 'EDO', 0);

INSERT INTO [tblProductPropertyType_ProductProperties]([IdProductPropertyType], [IdProductProperty], [Order]) VALUES
	(@IdProductPropertiesMotosierra, @IdMarcaSelect, 100),
	(@IdProductPropertiesMotosierra, @IdModeloInput, 200),
	(@IdProductPropertiesMotosierra, @IdEspadaSelect, 300),
	(@IdProductPropertiesMotosierra, @IdProtectorSelect, 400),
	(@IdProductPropertiesMotosierra, @IdCadenaSelect, 500),
	(@IdProductPropertiesMotosierra, @IdDesarmadoSelect, 600),
	(@IdProductPropertiesMotosierra, @IdNoSerialInput, 700),
	(@IdProductPropertiesGuadanadora, @IdMarcaSelect, 100),
	(@IdProductPropertiesGuadanadora, @IdModeloInput, 200),
	(@IdProductPropertiesGuadanadora, @IdCuchillaSelect, 300),
	(@IdProductPropertiesGuadanadora, @IdYoyoSelect, 400),
	(@IdProductPropertiesGuadanadora, @IdArnesSelect, 500),
	(@IdProductPropertiesGuadanadora, @IdDesarmadoSelect, 600),
	(@IdProductPropertiesGuadanadora, @IdNoSerialInput, 700),
	(@IdProductPropertiesSopladora, @IdMarcaSelect, 100),
	(@IdProductPropertiesSopladora, @IdModeloInput, 200),
	(@IdProductPropertiesSopladora, @IdTuboSopladorSelect, 300),
	(@IdProductPropertiesSopladora, @IdNoSerialInput, 400),
	(@IdProductPropertiesSopladora, @IdDesarmadoSelect, 500),
	(@IdProductPropertiesHidrolavadora, @IdMarcaAddSelect, 100),
	(@IdProductPropertiesHidrolavadora, @IdModeloInput, 200),
	(@IdProductPropertiesHidrolavadora, @IdPistolaSelect, 300),
	(@IdProductPropertiesHidrolavadora, @IdLanzaSelect, 400),
	(@IdProductPropertiesHidrolavadora, @IdMangueraSelect, 500),
	(@IdProductPropertiesHidrolavadora, @IdBoquillasSelect, 600),
	(@IdProductPropertiesHidrolavadora, @IdDesarmadoSelect, 700),
	(@IdProductPropertiesHidrolavadora, @IdNoSerialInput, 800),
	(@IdProductPropertiesCortasetos, @IdMarcaSelect, 100),
	(@IdProductPropertiesCortasetos, @IdModeloInput, 200),
	(@IdProductPropertiesCortasetos, @IdCuchillaSelect, 300),
	(@IdProductPropertiesCortasetos, @IdProtectorSelect, 400),
	(@IdProductPropertiesCortasetos, @IdDesarmadoSelect, 500),
	(@IdProductPropertiesCortasetos, @IdNoSerialInput, 600),
	(@IdProductPropertiesFumigadoraManual, @IdMarcaAddRCSelect, 100),
	(@IdProductPropertiesFumigadoraManual, @IdModeloInput, 200),
	(@IdProductPropertiesFumigadoraManual, @IdLanzaSelect, 300),
	(@IdProductPropertiesFumigadoraManual, @IdMangueraSelect, 400),
	(@IdProductPropertiesFumigadoraManual, @IdPalancaSelect, 500),
	(@IdProductPropertiesFumigadoraManual, @IdDesarmadoSelect, 600),
	(@IdProductPropertiesFumigadoraManual, @IdCorreasSelect, 700),
	(@IdProductPropertiesFumigadoraManual, @IdNoSerialInput, 800),
	(@IdProductPropertiesFumigadoraMotor, @IdMarcaAddRCSelect, 100),
	(@IdProductPropertiesFumigadoraMotor, @IdModeloInput, 200),
	(@IdProductPropertiesFumigadoraMotor, @IdLanzaSelect, 300),
	(@IdProductPropertiesFumigadoraMotor, @IdTuboAspersorSelect, 400),
	(@IdProductPropertiesFumigadoraMotor, @IdRejillaSelect, 500),
	(@IdProductPropertiesFumigadoraMotor, @IdCorreasSelect, 600),
	(@IdProductPropertiesFumigadoraMotor, @IdEmpunaduraManoSelect, 700),
	(@IdProductPropertiesFumigadoraMotor, @IdDesarmadoSelect, 800),
	(@IdProductPropertiesFumigadoraMotor, @IdNoSerialInput, 900),
	(@IdProductPropertiesFumigadoraEstacionaria, @IdMarcaAddYamSelect, 100),
	(@IdProductPropertiesFumigadoraEstacionaria, @IdModeloInput, 200),
	(@IdProductPropertiesFumigadoraEstacionaria, @IdMangSuccionSelect, 300),
	(@IdProductPropertiesFumigadoraEstacionaria, @IdMangRetornoSelect, 400),
	(@IdProductPropertiesFumigadoraEstacionaria, @IdNoSerialInput, 500),
	(@IdProductPropertiesBomba, @IdMarcaAddComplexSelect, 100),
	(@IdProductPropertiesBomba, @IdModeloInput, 200),
	(@IdProductPropertiesBomba, @IdNoSerialInput, 300),
	(@IdProductPropertiesGenerador, @IdMarcaAddComplexSelect, 100),
	(@IdProductPropertiesGenerador, @IdModeloInput, 200),
	(@IdProductPropertiesGenerador, @IdNoSerialInput, 300),
	(@IdProductPropertiesMotor, @IdMarcaAddComplexSelect, 100),
	(@IdProductPropertiesMotor, @IdModeloInput, 200),
	(@IdProductPropertiesMotor, @IdNoSerialInput, 300);

INSERT INTO [tblProductProperties_PropertyOptions]([IdProductProperty], [IdProductPropertyOption], [Order]) VALUES
	(@IdMarcaSelect, @IdStihl, 100),
	(@IdMarcaSelect, @IdOtra, 200),
	(@IdEspadaSelect, @IdSi, 100),
	(@IdEspadaSelect, @IdNo, 200),
	(@IdProtectorSelect, @IdSi, 100),
	(@IdProtectorSelect, @IdNo, 200),
	(@IdCadenaSelect, @IdSi, 100),
	(@IdCadenaSelect, @IdNo, 200),
	(@IdDesarmadoSelect, @IdSi, 100),
	(@IdDesarmadoSelect, @IdNo, 200),
	(@IdTuboSopladorSelect, @IdSi, 100),
	(@IdTuboSopladorSelect, @IdNo, 200),
	(@IdCuchillaSelect, @IdSi, 100),
	(@IdCuchillaSelect, @IdNo, 200),
	(@IdYoyoSelect, @IdSi, 100),
	(@IdYoyoSelect, @IdNo, 200),
	(@IdArnesSelect, @IdSi, 100),
	(@IdArnesSelect, @IdNo, 200),
	(@IdPistolaSelect, @IdSi, 100),
	(@IdPistolaSelect, @IdNo, 200),
	(@IdLanzaSelect, @IdSi, 100),
	(@IdLanzaSelect, @IdNo, 200),
	(@IdMangueraSelect, @IdSi, 100),
	(@IdMangueraSelect, @IdNo, 200),
	(@IdBoquillasSelect, @IdSi, 100),
	(@IdBoquillasSelect, @IdNo, 200),
	(@IdPalancaSelect, @IdSi, 100),
	(@IdPalancaSelect, @IdNo, 200),
	(@IdTuboAspersorSelect, @IdSi, 100),
	(@IdTuboAspersorSelect, @IdNo, 200),
	(@IdRejillaSelect, @IdSi, 100),
	(@IdRejillaSelect, @IdNo, 200),
	(@IdEmpunaduraManoSelect, @IdSi, 100),
	(@IdEmpunaduraManoSelect, @IdNo, 200),
	(@IdMangSuccionSelect, @IdSi, 100),
	(@IdMangSuccionSelect, @IdNo, 200),
	(@IdMangRetornoSelect, @IdSi, 100),
	(@IdMangRetornoSelect, @IdNo, 200),
	(@IdCorreasSelect, @IdSi, 100),
	(@IdCorreasSelect, @IdNo, 200),
	(@IdMarcaAddSelect, @IdStihl, 100),
	(@IdMarcaAddSelect, @IdAnnoviReverberi, 200),
	(@IdMarcaAddSelect, @IdOtra, 300),
	(@IdMarcaAddRCSelect, @IdStihl, 100),
	(@IdMarcaAddRCSelect, @IdRoyalCondor, 200),
	(@IdMarcaAddRCSelect, @IdOtra, 300),
	(@IdMarcaAddYamSelect, @IdYamaha, 100),
	(@IdMarcaAddYamSelect, @IdRoyalCondor, 200),
	(@IdMarcaAddYamSelect, @IdOtra, 300),
	(@IdMarcaAddComplexSelect, @IdSolan, 100),
	(@IdMarcaAddComplexSelect, @IdPowerMaster, 200),
	(@IdMarcaAddComplexSelect, @IdElite, 300),
	(@IdMarcaAddComplexSelect, @IdYamaha, 400),
	(@IdMarcaAddComplexSelect, @IdEdo, 500),
	(@IdMarcaAddComplexSelect, @IdOtra, 600);
